Mutation,"Stability (FoldX5, kcal/mol) [md_25]","Stability (FoldX5, kcal/mol, st. dev.) [md_25]","Stability (RaSP, kcal/mol) [md_25]","Stability (RaSP, kcal/mol, st. dev.) [md_25]","Stability (Rosetta Cartddg2020, kcal/mol) [md]","Stability (Rosetta Cartddg2020, kcal/mol, st. dev.) [md]"
S297F,4.36434,3.30107,-0.6614860855376243,0.7922418967243228,1.6731300000000002,1.4327453469708658
L424V,2.00102,0.43469,1.3127567814486767,0.2722179315340944,2.02857,0.7948260869313906
P436R,3.13134,1.57321,0.123170207328654,0.5158003634049041,5.04932,0.5241650568920695
P436S,2.22269,0.54628,0.5524348386441664,0.4200029738648302,1.76406,0.2203235608523669
E830G,2.28272,0.52614,1.45910423507887,0.2752926224836571,1.4393433333333334,0.7297941836496704
L474P,0.8275,0.58518,3.350471668685649,0.8755033646424198,2.2665533333333334,0.4384825105849592
