Mutation,"Stability classification, (Rosetta, FoldX) [md]","Stability classification, (RaSP, FoldX) [md]",Stability classification (ThermoMPNN) [md],Stability classification (Foldetta from FoldX and Rosetta) [md],Stability classification (Foldetta from FoldX and RaSP) [md],"Stability classification, (Rosetta, FoldX) [cabsflex]","Stability classification, (RaSP, FoldX) [cabsflex]",Stability classification (Foldetta from FoldX and Rosetta) [cabsflex],Stability classification (Foldetta from FoldX and RaSP) [cabsflex],PTM effect in regulation [md],PTM effect in stability [md],PTM effect in function [md],PTM effect in regulation [cabsflex],PTM effect in stability [cabsflex],PTM effect in function [cabsflex],AlloSigMA2-PSN classification - pockets and interfaces [md],MAVISp Effects
P98A,uncertain,uncertain,neutral,neutral,neutral,uncertain,uncertain,neutral,neutral,neutral,neutral,neutral,neutral,neutral,neutral,damaging,Long Range
P98E,,neutral,neutral,,neutral,,uncertain,,neutral,neutral,neutral,neutral,neutral,neutral,neutral,damaging,Long Range
P98F,neutral,neutral,neutral,neutral,neutral,uncertain,uncertain,neutral,neutral,neutral,neutral,neutral,neutral,neutral,neutral,damaging,Long Range
P98G,,uncertain,neutral,,uncertain,,uncertain,,neutral,neutral,neutral,neutral,neutral,neutral,neutral,damaging,Long Range
P98H,uncertain,uncertain,neutral,uncertain,neutral,uncertain,uncertain,uncertain,neutral,neutral,neutral,neutral,neutral,neutral,neutral,damaging,Long Range
P98I,,neutral,neutral,,neutral,,uncertain,,neutral,neutral,neutral,neutral,neutral,neutral,neutral,damaging,Long Range
P98K,,uncertain,uncertain,,neutral,,uncertain,,neutral,neutral,neutral,neutral,neutral,neutral,neutral,damaging,Long Range
P98L,neutral,neutral,neutral,neutral,neutral,neutral,neutral,neutral,neutral,neutral,neutral,neutral,neutral,neutral,neutral,damaging,Long Range
P98M,,neutral,neutral,,neutral,,neutral,,neutral,neutral,neutral,neutral,neutral,neutral,neutral,damaging,Long Range
P98Q,,uncertain,neutral,,neutral,,uncertain,,neutral,neutral,neutral,neutral,neutral,neutral,neutral,damaging,Long Range
P98R,uncertain,uncertain,uncertain,uncertain,neutral,uncertain,uncertain,destabilizing,neutral,neutral,neutral,neutral,neutral,neutral,neutral,damaging,"Stability, Long Range"
P98S,uncertain,uncertain,neutral,uncertain,neutral,uncertain,uncertain,uncertain,neutral,neutral,neutral,neutral,neutral,neutral,neutral,damaging,Long Range
P98V,,neutral,neutral,,neutral,,uncertain,,neutral,neutral,neutral,neutral,neutral,neutral,neutral,damaging,Long Range
P98W,,neutral,neutral,,neutral,,uncertain,,neutral,neutral,neutral,neutral,neutral,neutral,neutral,damaging,Long Range
P98Y,,neutral,neutral,,neutral,,uncertain,,neutral,neutral,neutral,neutral,neutral,neutral,neutral,damaging,Long Range
S99D,,neutral,neutral,,neutral,,neutral,,neutral,damaging,neutral,uncertain,damaging,neutral,uncertain,uncertain,PTM
S99H,,neutral,neutral,,neutral,,neutral,,neutral,damaging,neutral,uncertain,damaging,neutral,uncertain,uncertain,PTM
S99K,,neutral,uncertain,,neutral,,neutral,,neutral,damaging,neutral,uncertain,damaging,neutral,uncertain,uncertain,PTM
S99M,,neutral,uncertain,,neutral,,neutral,,neutral,damaging,neutral,uncertain,damaging,neutral,uncertain,uncertain,PTM
S99R,,neutral,uncertain,,neutral,,neutral,,neutral,damaging,neutral,uncertain,damaging,neutral,uncertain,uncertain,PTM
S99W,,neutral,uncertain,,neutral,,neutral,,neutral,damaging,neutral,uncertain,damaging,neutral,uncertain,uncertain,PTM
Y103A,,neutral,uncertain,,neutral,,neutral,,neutral,uncertain,,,uncertain,,,damaging,Long Range
Y103D,,neutral,uncertain,,neutral,,neutral,,neutral,uncertain,,,uncertain,,,damaging,Long Range
Y103E,,neutral,uncertain,,neutral,,neutral,,neutral,uncertain,,,uncertain,,,damaging,Long Range
Y103G,,uncertain,destabilizing,,uncertain,,uncertain,,neutral,uncertain,,,uncertain,,,damaging,"Stability, Long Range"
Y103I,,neutral,neutral,,neutral,,neutral,,neutral,uncertain,,,uncertain,,,damaging,Long Range
Y103K,,neutral,uncertain,,neutral,,neutral,,neutral,uncertain,,,uncertain,,,damaging,Long Range
Y103L,,neutral,neutral,,neutral,,neutral,,neutral,uncertain,,,uncertain,,,damaging,Long Range
Y103M,,neutral,neutral,,neutral,,neutral,,neutral,uncertain,,,uncertain,,,damaging,Long Range
Y103N,,neutral,uncertain,,neutral,,neutral,,neutral,uncertain,,,uncertain,,,damaging,Long Range
Y103P,,destabilizing,destabilizing,,destabilizing,,destabilizing,,destabilizing,uncertain,,,uncertain,,,damaging,"Stability, Long Range"
Y103Q,,neutral,uncertain,,neutral,,neutral,,neutral,uncertain,,,uncertain,,,damaging,Long Range
Y103R,,neutral,uncertain,,neutral,,neutral,,neutral,uncertain,,,uncertain,,,damaging,Long Range
Y103S,,uncertain,uncertain,,neutral,,neutral,,neutral,uncertain,,,uncertain,,,damaging,Long Range
Y103T,,neutral,uncertain,,neutral,,neutral,,neutral,uncertain,,,uncertain,,,damaging,Long Range
Y103V,,neutral,neutral,,neutral,,neutral,,neutral,uncertain,,,uncertain,,,damaging,Long Range
G105C,destabilizing,destabilizing,uncertain,destabilizing,destabilizing,destabilizing,uncertain,destabilizing,uncertain,neutral,neutral,neutral,neutral,neutral,neutral,neutral,Stability
G105D,uncertain,destabilizing,destabilizing,destabilizing,destabilizing,uncertain,uncertain,destabilizing,uncertain,neutral,neutral,neutral,neutral,neutral,neutral,neutral,Stability
G105E,,destabilizing,destabilizing,,destabilizing,,uncertain,,destabilizing,neutral,neutral,neutral,neutral,neutral,neutral,neutral,Stability
G105F,destabilizing,destabilizing,uncertain,destabilizing,destabilizing,destabilizing,uncertain,destabilizing,destabilizing,neutral,neutral,neutral,neutral,neutral,neutral,neutral,Stability
G105H,,destabilizing,uncertain,,destabilizing,,uncertain,,destabilizing,neutral,neutral,neutral,neutral,neutral,neutral,neutral,Stability
G105I,,destabilizing,uncertain,,destabilizing,,uncertain,,destabilizing,neutral,neutral,neutral,neutral,neutral,neutral,neutral,Stability
G105K,,destabilizing,destabilizing,,destabilizing,,uncertain,,destabilizing,neutral,neutral,neutral,neutral,neutral,neutral,neutral,Stability
G105L,,destabilizing,uncertain,,destabilizing,,uncertain,,destabilizing,neutral,neutral,neutral,neutral,neutral,neutral,neutral,Stability
G105M,,destabilizing,uncertain,,destabilizing,,uncertain,,destabilizing,neutral,neutral,neutral,neutral,neutral,neutral,neutral,Stability
G105N,,uncertain,uncertain,,destabilizing,,uncertain,,destabilizing,neutral,neutral,neutral,neutral,neutral,neutral,neutral,Stability
G105P,,destabilizing,destabilizing,,destabilizing,,destabilizing,,destabilizing,neutral,neutral,neutral,neutral,neutral,neutral,neutral,Stability
G105Q,,destabilizing,uncertain,,destabilizing,,uncertain,,destabilizing,neutral,neutral,neutral,neutral,neutral,neutral,neutral,Stability
G105R,destabilizing,destabilizing,destabilizing,destabilizing,destabilizing,destabilizing,uncertain,destabilizing,destabilizing,neutral,neutral,neutral,neutral,neutral,neutral,neutral,Stability
G105S,uncertain,uncertain,uncertain,uncertain,destabilizing,uncertain,uncertain,uncertain,uncertain,neutral,neutral,neutral,neutral,neutral,neutral,neutral,Stability
G105T,,destabilizing,uncertain,,destabilizing,,uncertain,,destabilizing,neutral,neutral,neutral,neutral,neutral,neutral,neutral,Stability
G105V,destabilizing,destabilizing,uncertain,destabilizing,destabilizing,destabilizing,uncertain,destabilizing,destabilizing,neutral,neutral,neutral,neutral,neutral,neutral,neutral,Stability
G105W,,destabilizing,uncertain,,destabilizing,,uncertain,,destabilizing,neutral,neutral,neutral,neutral,neutral,neutral,neutral,Stability
G105Y,,destabilizing,uncertain,,destabilizing,,uncertain,,destabilizing,neutral,neutral,neutral,neutral,neutral,neutral,neutral,Stability
Y107A,,uncertain,destabilizing,,uncertain,,uncertain,,neutral,uncertain,,,uncertain,,,damaging,"Stability, Long Range"
Y107D,uncertain,uncertain,destabilizing,uncertain,destabilizing,uncertain,uncertain,neutral,neutral,uncertain,,,uncertain,,,damaging,"Stability, Long Range"
Y107E,,uncertain,destabilizing,,destabilizing,,uncertain,,neutral,uncertain,,,uncertain,,,damaging,"Stability, Long Range"
Y107G,,destabilizing,uncertain,,destabilizing,,uncertain,,neutral,uncertain,,,uncertain,,,damaging,"Stability, Long Range"
Y107I,,uncertain,uncertain,,neutral,,uncertain,,neutral,uncertain,,,uncertain,,,damaging,Long Range
Y107K,,uncertain,destabilizing,,uncertain,,uncertain,,neutral,uncertain,,,uncertain,,,damaging,"Stability, Long Range"
Y107M,,uncertain,uncertain,,neutral,,uncertain,,neutral,uncertain,,,uncertain,,,damaging,Long Range
Y107P,,uncertain,destabilizing,,destabilizing,,uncertain,,neutral,uncertain,,,uncertain,,,damaging,"Stability, Long Range"
Y107Q,uncertain,uncertain,destabilizing,neutral,uncertain,uncertain,uncertain,neutral,neutral,uncertain,,,uncertain,,,damaging,"Stability, Long Range"
Y107R,,uncertain,destabilizing,,uncertain,,uncertain,,neutral,uncertain,,,uncertain,,,damaging,"Stability, Long Range"
Y107T,,uncertain,destabilizing,,destabilizing,,uncertain,,neutral,uncertain,,,uncertain,,,damaging,"Stability, Long Range"
G108F,,uncertain,uncertain,,destabilizing,,neutral,,neutral,neutral,neutral,neutral,neutral,neutral,neutral,neutral,Stability
G108I,,uncertain,destabilizing,,destabilizing,,neutral,,neutral,neutral,neutral,neutral,neutral,neutral,neutral,neutral,Stability
G108P,,destabilizing,destabilizing,,destabilizing,,uncertain,,neutral,neutral,neutral,neutral,neutral,neutral,neutral,neutral,Stability
G108W,,uncertain,uncertain,,destabilizing,,neutral,,neutral,neutral,neutral,neutral,neutral,neutral,neutral,neutral,Stability
G108Y,,uncertain,uncertain,,destabilizing,,neutral,,neutral,neutral,neutral,neutral,neutral,neutral,neutral,neutral,Stability
F109A,,destabilizing,destabilizing,,destabilizing,,uncertain,,uncertain,neutral,neutral,neutral,neutral,neutral,neutral,neutral,Stability
F109C,destabilizing,destabilizing,uncertain,destabilizing,destabilizing,uncertain,uncertain,uncertain,neutral,neutral,neutral,neutral,neutral,neutral,neutral,neutral,Stability
F109D,,destabilizing,destabilizing,,destabilizing,,uncertain,,destabilizing,neutral,neutral,neutral,neutral,neutral,neutral,neutral,Stability
F109E,,destabilizing,destabilizing,,destabilizing,,destabilizing,,destabilizing,neutral,neutral,neutral,neutral,neutral,neutral,neutral,Stability
F109G,,destabilizing,destabilizing,,destabilizing,,uncertain,,destabilizing,neutral,neutral,neutral,neutral,neutral,neutral,neutral,Stability
F109H,,uncertain,destabilizing,,destabilizing,,uncertain,,uncertain,neutral,neutral,neutral,neutral,neutral,neutral,neutral,Stability
F109I,destabilizing,destabilizing,uncertain,destabilizing,destabilizing,uncertain,neutral,neutral,neutral,neutral,neutral,neutral,neutral,neutral,neutral,neutral,Stability
F109K,,destabilizing,destabilizing,,destabilizing,,destabilizing,,destabilizing,neutral,neutral,neutral,neutral,neutral,neutral,neutral,Stability
F109N,destabilizing,destabilizing,destabilizing,destabilizing,destabilizing,uncertain,uncertain,destabilizing,uncertain,neutral,neutral,neutral,neutral,neutral,neutral,neutral,Stability
F109P,,destabilizing,destabilizing,,destabilizing,,destabilizing,,destabilizing,neutral,neutral,neutral,neutral,neutral,neutral,neutral,Stability
F109Q,,destabilizing,destabilizing,,destabilizing,,uncertain,,uncertain,neutral,neutral,neutral,neutral,neutral,neutral,neutral,Stability
F109R,,destabilizing,destabilizing,,destabilizing,,destabilizing,,destabilizing,neutral,neutral,neutral,neutral,neutral,neutral,neutral,Stability
F109S,destabilizing,destabilizing,destabilizing,destabilizing,destabilizing,uncertain,uncertain,destabilizing,uncertain,neutral,neutral,neutral,neutral,neutral,neutral,neutral,Stability
F109T,,destabilizing,destabilizing,,destabilizing,,uncertain,,uncertain,neutral,neutral,neutral,neutral,neutral,neutral,neutral,Stability
F109V,destabilizing,destabilizing,uncertain,destabilizing,destabilizing,uncertain,uncertain,neutral,neutral,neutral,neutral,neutral,neutral,neutral,neutral,neutral,Stability
F109W,,uncertain,uncertain,,neutral,,uncertain,,destabilizing,neutral,neutral,neutral,neutral,neutral,neutral,neutral,Stability
R110P,destabilizing,destabilizing,destabilizing,destabilizing,destabilizing,uncertain,destabilizing,uncertain,destabilizing,neutral,neutral,neutral,neutral,neutral,neutral,damaging,"Stability, Long Range"
L111A,,destabilizing,uncertain,,destabilizing,,uncertain,,neutral,neutral,neutral,neutral,neutral,neutral,neutral,uncertain,Stability
L111C,,destabilizing,neutral,,destabilizing,,uncertain,,neutral,neutral,neutral,neutral,neutral,neutral,neutral,uncertain,Stability
L111D,,destabilizing,destabilizing,,destabilizing,,uncertain,,destabilizing,neutral,neutral,neutral,neutral,neutral,neutral,uncertain,Stability
L111E,,destabilizing,destabilizing,,destabilizing,,uncertain,,destabilizing,neutral,neutral,neutral,neutral,neutral,neutral,uncertain,Stability
L111F,,uncertain,neutral,,uncertain,,uncertain,,destabilizing,neutral,neutral,neutral,neutral,neutral,neutral,uncertain,Stability
L111G,,destabilizing,destabilizing,,destabilizing,,uncertain,,destabilizing,neutral,neutral,neutral,neutral,neutral,neutral,uncertain,Stability
L111H,,uncertain,destabilizing,,destabilizing,,uncertain,,destabilizing,neutral,neutral,neutral,neutral,neutral,neutral,uncertain,Stability
L111K,,destabilizing,destabilizing,,destabilizing,,destabilizing,,destabilizing,neutral,neutral,neutral,neutral,neutral,neutral,uncertain,Stability
L111N,,destabilizing,destabilizing,,destabilizing,,uncertain,,uncertain,neutral,neutral,neutral,neutral,neutral,neutral,uncertain,Stability
L111P,destabilizing,destabilizing,uncertain,destabilizing,destabilizing,uncertain,uncertain,uncertain,destabilizing,neutral,neutral,neutral,neutral,neutral,neutral,uncertain,Stability
L111Q,uncertain,destabilizing,destabilizing,destabilizing,destabilizing,uncertain,uncertain,uncertain,uncertain,neutral,neutral,neutral,neutral,neutral,neutral,uncertain,Stability
L111R,destabilizing,destabilizing,destabilizing,destabilizing,destabilizing,destabilizing,destabilizing,destabilizing,destabilizing,neutral,neutral,neutral,neutral,neutral,neutral,uncertain,Stability
L111S,,destabilizing,destabilizing,,destabilizing,,uncertain,,uncertain,neutral,neutral,neutral,neutral,neutral,neutral,uncertain,Stability
L111T,,destabilizing,uncertain,,destabilizing,,uncertain,,neutral,neutral,neutral,neutral,neutral,neutral,neutral,uncertain,Stability
L111W,,destabilizing,uncertain,,destabilizing,,uncertain,,destabilizing,neutral,neutral,neutral,neutral,neutral,neutral,uncertain,Stability
L111Y,,uncertain,uncertain,,destabilizing,,uncertain,,destabilizing,neutral,neutral,neutral,neutral,neutral,neutral,uncertain,Stability
G112P,,destabilizing,destabilizing,,destabilizing,,destabilizing,,destabilizing,neutral,neutral,neutral,neutral,neutral,neutral,uncertain,Stability
F113A,,destabilizing,uncertain,,destabilizing,,uncertain,,neutral,neutral,neutral,neutral,neutral,neutral,neutral,damaging,"Stability, Long Range"
F113C,destabilizing,destabilizing,neutral,destabilizing,destabilizing,uncertain,uncertain,neutral,neutral,neutral,neutral,neutral,neutral,neutral,neutral,damaging,"Stability, Long Range"
F113D,,destabilizing,destabilizing,,destabilizing,,uncertain,,uncertain,neutral,neutral,neutral,neutral,neutral,neutral,damaging,"Stability, Long Range"
F113E,,destabilizing,destabilizing,,destabilizing,,uncertain,,uncertain,neutral,neutral,neutral,neutral,neutral,neutral,damaging,"Stability, Long Range"
F113G,destabilizing,destabilizing,destabilizing,destabilizing,destabilizing,uncertain,uncertain,neutral,neutral,neutral,neutral,neutral,neutral,neutral,neutral,damaging,"Stability, Long Range"
F113H,,uncertain,uncertain,,uncertain,,neutral,,neutral,neutral,neutral,neutral,neutral,neutral,neutral,damaging,Long Range
F113I,uncertain,uncertain,neutral,destabilizing,uncertain,neutral,uncertain,neutral,neutral,neutral,neutral,neutral,neutral,neutral,neutral,damaging,"Stability, Long Range"
F113K,,destabilizing,uncertain,,destabilizing,,uncertain,,uncertain,neutral,neutral,neutral,neutral,neutral,neutral,damaging,"Stability, Long Range"
F113L,uncertain,uncertain,neutral,uncertain,neutral,neutral,neutral,neutral,neutral,neutral,neutral,neutral,neutral,neutral,neutral,damaging,Long Range
F113M,,neutral,neutral,,neutral,,uncertain,,neutral,neutral,neutral,neutral,neutral,neutral,neutral,damaging,Long Range
F113N,,destabilizing,destabilizing,,destabilizing,,uncertain,,neutral,neutral,neutral,neutral,neutral,neutral,neutral,damaging,"Stability, Long Range"
F113P,destabilizing,destabilizing,uncertain,destabilizing,destabilizing,uncertain,uncertain,uncertain,uncertain,neutral,neutral,neutral,neutral,neutral,neutral,damaging,"Stability, Long Range"
F113Q,,destabilizing,destabilizing,,destabilizing,,uncertain,,neutral,neutral,neutral,neutral,neutral,neutral,neutral,damaging,"Stability, Long Range"
F113R,,destabilizing,uncertain,,destabilizing,,uncertain,,destabilizing,neutral,neutral,neutral,neutral,neutral,neutral,damaging,"Stability, Long Range"
F113S,destabilizing,destabilizing,uncertain,destabilizing,destabilizing,uncertain,uncertain,neutral,neutral,neutral,neutral,neutral,neutral,neutral,neutral,damaging,"Stability, Long Range"
F113T,,destabilizing,uncertain,,destabilizing,,uncertain,,neutral,neutral,neutral,neutral,neutral,neutral,neutral,damaging,"Stability, Long Range"
F113V,destabilizing,uncertain,neutral,destabilizing,uncertain,uncertain,uncertain,neutral,neutral,neutral,neutral,neutral,neutral,neutral,neutral,damaging,"Stability, Long Range"
F113W,,neutral,neutral,,neutral,,uncertain,,destabilizing,neutral,neutral,neutral,neutral,neutral,neutral,damaging,"Stability, Long Range"
S116P,neutral,neutral,neutral,neutral,neutral,uncertain,uncertain,uncertain,destabilizing,uncertain,,,uncertain,,,uncertain,Stability
G117P,,uncertain,neutral,,neutral,,destabilizing,,destabilizing,neutral,neutral,neutral,neutral,neutral,neutral,uncertain,Stability
S121P,destabilizing,destabilizing,neutral,destabilizing,destabilizing,uncertain,uncertain,neutral,neutral,uncertain,,,uncertain,,,neutral,Stability
V122F,,neutral,neutral,,neutral,,uncertain,,destabilizing,neutral,neutral,neutral,neutral,neutral,neutral,uncertain,Stability
V122H,,neutral,neutral,,neutral,,uncertain,,destabilizing,neutral,neutral,neutral,neutral,neutral,neutral,uncertain,Stability
V122P,,uncertain,neutral,,destabilizing,,uncertain,,destabilizing,neutral,neutral,neutral,neutral,neutral,neutral,uncertain,Stability
V122W,,uncertain,neutral,,neutral,,uncertain,,destabilizing,neutral,neutral,neutral,neutral,neutral,neutral,uncertain,Stability
V122Y,,neutral,neutral,,neutral,,uncertain,,destabilizing,neutral,neutral,neutral,neutral,neutral,neutral,uncertain,Stability
C124E,,uncertain,uncertain,,uncertain,,uncertain,,destabilizing,neutral,neutral,neutral,neutral,neutral,neutral,neutral,Stability
C124H,,uncertain,neutral,,neutral,,uncertain,,destabilizing,neutral,neutral,neutral,neutral,neutral,neutral,neutral,Stability
C124K,,uncertain,uncertain,,neutral,,destabilizing,,destabilizing,neutral,neutral,neutral,neutral,neutral,neutral,neutral,Stability
C124P,,uncertain,uncertain,,destabilizing,,uncertain,,uncertain,neutral,neutral,neutral,neutral,neutral,neutral,uncertain,Stability
C124Q,,neutral,uncertain,,neutral,,uncertain,,destabilizing,neutral,neutral,neutral,neutral,neutral,neutral,neutral,Stability
C124R,destabilizing,uncertain,uncertain,destabilizing,uncertain,destabilizing,uncertain,destabilizing,destabilizing,neutral,neutral,neutral,neutral,neutral,neutral,neutral,Stability
C124Y,destabilizing,uncertain,neutral,destabilizing,neutral,destabilizing,uncertain,destabilizing,destabilizing,neutral,neutral,neutral,neutral,neutral,neutral,neutral,Stability
T125A,neutral,neutral,neutral,neutral,neutral,neutral,neutral,neutral,neutral,uncertain,,,uncertain,,,damaging,Long Range
T125C,,neutral,neutral,,neutral,,neutral,,neutral,uncertain,,,uncertain,,,damaging,Long Range
T125F,,uncertain,neutral,,destabilizing,,uncertain,,destabilizing,uncertain,,,uncertain,,,neutral,Stability
T125G,,uncertain,uncertain,,uncertain,,uncertain,,neutral,uncertain,,,uncertain,,,damaging,Long Range
T125H,,uncertain,neutral,,destabilizing,,uncertain,,destabilizing,uncertain,,,uncertain,,,neutral,Stability
T125K,destabilizing,uncertain,uncertain,destabilizing,destabilizing,destabilizing,uncertain,destabilizing,uncertain,uncertain,,,uncertain,,,neutral,Stability
T125P,destabilizing,destabilizing,uncertain,destabilizing,destabilizing,uncertain,uncertain,destabilizing,destabilizing,uncertain,,,uncertain,,,uncertain,Stability
T125R,destabilizing,uncertain,neutral,destabilizing,destabilizing,destabilizing,uncertain,destabilizing,destabilizing,uncertain,,,uncertain,,,neutral,Stability
T125S,,neutral,neutral,,neutral,,neutral,,neutral,neutral,,,neutral,,,damaging,Long Range
T125W,,uncertain,neutral,,destabilizing,,uncertain,,destabilizing,uncertain,,,uncertain,,,neutral,Stability
T125Y,,uncertain,neutral,,destabilizing,,uncertain,,destabilizing,uncertain,,,uncertain,,,neutral,Stability
Y126A,,destabilizing,destabilizing,,destabilizing,,uncertain,,neutral,uncertain,damaging,uncertain,uncertain,neutral,uncertain,uncertain,"Stability, PTM"
Y126C,uncertain,uncertain,uncertain,destabilizing,destabilizing,uncertain,uncertain,neutral,neutral,uncertain,uncertain,uncertain,uncertain,neutral,uncertain,uncertain,Stability
Y126D,destabilizing,destabilizing,destabilizing,destabilizing,destabilizing,uncertain,uncertain,uncertain,uncertain,uncertain,damaging,uncertain,uncertain,neutral,uncertain,uncertain,"Stability, PTM"
Y126E,,destabilizing,destabilizing,,destabilizing,,uncertain,,uncertain,uncertain,damaging,uncertain,uncertain,neutral,uncertain,uncertain,"Stability, PTM"
Y126G,,destabilizing,destabilizing,,destabilizing,,uncertain,,uncertain,uncertain,damaging,uncertain,uncertain,neutral,uncertain,uncertain,"Stability, PTM"
Y126H,uncertain,uncertain,destabilizing,uncertain,uncertain,neutral,uncertain,neutral,neutral,uncertain,uncertain,uncertain,uncertain,neutral,uncertain,uncertain,Stability
Y126K,,uncertain,destabilizing,,destabilizing,,uncertain,,neutral,uncertain,uncertain,uncertain,uncertain,neutral,uncertain,uncertain,Stability
Y126N,destabilizing,destabilizing,destabilizing,destabilizing,destabilizing,uncertain,uncertain,neutral,neutral,uncertain,damaging,uncertain,uncertain,neutral,uncertain,uncertain,"Stability, PTM"
Y126P,,destabilizing,destabilizing,,destabilizing,,uncertain,,uncertain,uncertain,damaging,uncertain,uncertain,neutral,uncertain,uncertain,"Stability, PTM"
Y126Q,,destabilizing,destabilizing,,destabilizing,,uncertain,,neutral,uncertain,damaging,uncertain,uncertain,neutral,uncertain,uncertain,"Stability, PTM"
Y126R,,uncertain,destabilizing,,destabilizing,,uncertain,,neutral,uncertain,damaging,uncertain,uncertain,neutral,uncertain,uncertain,"Stability, PTM"
Y126S,destabilizing,destabilizing,destabilizing,destabilizing,destabilizing,uncertain,uncertain,neutral,uncertain,uncertain,damaging,uncertain,uncertain,neutral,uncertain,uncertain,"Stability, PTM"
Y126T,,destabilizing,destabilizing,,destabilizing,,uncertain,,neutral,uncertain,damaging,uncertain,uncertain,neutral,uncertain,uncertain,"Stability, PTM"
S127D,,uncertain,uncertain,,destabilizing,,neutral,,neutral,uncertain,,,uncertain,,,uncertain,Stability
S127E,,destabilizing,destabilizing,,destabilizing,,neutral,,neutral,uncertain,,,uncertain,,,uncertain,Stability
S127F,destabilizing,uncertain,destabilizing,destabilizing,destabilizing,neutral,neutral,neutral,neutral,uncertain,,,uncertain,,,uncertain,Stability
S127G,,neutral,destabilizing,,neutral,,neutral,,neutral,uncertain,,,uncertain,,,uncertain,Stability
S127H,,uncertain,uncertain,,destabilizing,,uncertain,,neutral,uncertain,,,uncertain,,,uncertain,Stability
S127K,,destabilizing,destabilizing,,destabilizing,,neutral,,neutral,uncertain,,,uncertain,,,uncertain,Stability
S127L,,uncertain,destabilizing,,uncertain,,neutral,,neutral,uncertain,,,uncertain,,,uncertain,Stability
S127M,,uncertain,destabilizing,,uncertain,,neutral,,neutral,uncertain,,,uncertain,,,uncertain,Stability
S127P,uncertain,uncertain,destabilizing,destabilizing,destabilizing,uncertain,destabilizing,destabilizing,destabilizing,uncertain,,,uncertain,,,uncertain,Stability
S127Q,,uncertain,destabilizing,,destabilizing,,neutral,,neutral,uncertain,,,uncertain,,,uncertain,Stability
S127R,,destabilizing,uncertain,,destabilizing,,uncertain,,neutral,uncertain,,,uncertain,,,uncertain,Stability
S127V,,neutral,destabilizing,,neutral,,neutral,,neutral,uncertain,,,uncertain,,,uncertain,Stability
S127W,,destabilizing,destabilizing,,destabilizing,,uncertain,,neutral,uncertain,,,uncertain,,,uncertain,Stability
S127Y,destabilizing,destabilizing,destabilizing,destabilizing,destabilizing,uncertain,neutral,uncertain,neutral,uncertain,,,uncertain,,,uncertain,Stability
L130P,uncertain,uncertain,uncertain,destabilizing,destabilizing,uncertain,uncertain,uncertain,neutral,neutral,neutral,neutral,neutral,neutral,neutral,uncertain,Stability
N131P,,destabilizing,destabilizing,,destabilizing,,neutral,,neutral,neutral,neutral,neutral,neutral,neutral,neutral,uncertain,Stability
K132D,,uncertain,uncertain,,destabilizing,,uncertain,,uncertain,neutral,neutral,neutral,neutral,neutral,neutral,neutral,Stability
K132P,,destabilizing,uncertain,,destabilizing,,destabilizing,,destabilizing,neutral,neutral,neutral,neutral,neutral,neutral,neutral,Stability
M133D,,destabilizing,destabilizing,,destabilizing,,uncertain,,uncertain,neutral,neutral,neutral,neutral,neutral,neutral,neutral,Stability
M133E,,uncertain,destabilizing,,destabilizing,,uncertain,,uncertain,neutral,neutral,neutral,neutral,neutral,neutral,neutral,Stability
M133F,,uncertain,neutral,,neutral,,uncertain,,destabilizing,neutral,neutral,neutral,neutral,neutral,neutral,uncertain,Stability
M133G,,destabilizing,destabilizing,,destabilizing,,destabilizing,,destabilizing,neutral,neutral,neutral,neutral,neutral,neutral,neutral,Stability
M133H,,uncertain,destabilizing,,uncertain,,uncertain,,destabilizing,neutral,neutral,neutral,neutral,neutral,neutral,neutral,Stability
M133K,destabilizing,destabilizing,destabilizing,destabilizing,destabilizing,destabilizing,uncertain,destabilizing,uncertain,neutral,neutral,neutral,neutral,neutral,neutral,uncertain,Stability
M133N,,uncertain,destabilizing,,uncertain,,uncertain,,uncertain,neutral,neutral,neutral,neutral,neutral,neutral,neutral,Stability
M133P,,destabilizing,destabilizing,,destabilizing,,destabilizing,,destabilizing,neutral,neutral,neutral,neutral,neutral,neutral,neutral,Stability
M133Q,,uncertain,destabilizing,,uncertain,,uncertain,,uncertain,neutral,neutral,neutral,neutral,neutral,neutral,neutral,Stability
M133R,destabilizing,uncertain,destabilizing,destabilizing,destabilizing,uncertain,uncertain,destabilizing,destabilizing,neutral,neutral,neutral,neutral,neutral,neutral,uncertain,Stability
M133S,,destabilizing,destabilizing,,destabilizing,,uncertain,,uncertain,neutral,neutral,neutral,neutral,neutral,neutral,neutral,Stability
M133T,uncertain,uncertain,destabilizing,destabilizing,uncertain,uncertain,uncertain,uncertain,uncertain,neutral,neutral,neutral,neutral,neutral,neutral,neutral,Stability
M133W,,uncertain,uncertain,,destabilizing,,uncertain,,destabilizing,neutral,neutral,neutral,neutral,neutral,neutral,uncertain,Stability
M133Y,,uncertain,uncertain,,uncertain,,uncertain,,destabilizing,neutral,neutral,neutral,neutral,neutral,neutral,uncertain,Stability
F134A,,destabilizing,destabilizing,,destabilizing,,uncertain,,destabilizing,neutral,neutral,neutral,neutral,neutral,neutral,uncertain,Stability
F134C,destabilizing,destabilizing,uncertain,destabilizing,destabilizing,uncertain,uncertain,uncertain,destabilizing,neutral,neutral,neutral,neutral,neutral,neutral,uncertain,Stability
F134D,,destabilizing,destabilizing,,destabilizing,,destabilizing,,destabilizing,neutral,neutral,neutral,neutral,neutral,neutral,uncertain,Stability
F134E,,destabilizing,destabilizing,,destabilizing,,destabilizing,,destabilizing,neutral,neutral,neutral,neutral,neutral,neutral,uncertain,Stability
F134G,,destabilizing,destabilizing,,destabilizing,,destabilizing,,destabilizing,neutral,neutral,neutral,neutral,neutral,neutral,uncertain,Stability
F134K,,destabilizing,destabilizing,,destabilizing,,uncertain,,destabilizing,neutral,neutral,neutral,neutral,neutral,neutral,uncertain,Stability
F134N,,destabilizing,destabilizing,,destabilizing,,uncertain,,destabilizing,neutral,neutral,neutral,neutral,neutral,neutral,uncertain,Stability
F134P,,destabilizing,destabilizing,,destabilizing,,destabilizing,,destabilizing,neutral,neutral,neutral,neutral,neutral,neutral,uncertain,Stability
F134Q,,destabilizing,destabilizing,,destabilizing,,uncertain,,destabilizing,neutral,neutral,neutral,neutral,neutral,neutral,uncertain,Stability
F134R,,destabilizing,destabilizing,,destabilizing,,destabilizing,,destabilizing,neutral,neutral,neutral,neutral,neutral,neutral,uncertain,Stability
F134S,destabilizing,destabilizing,destabilizing,destabilizing,destabilizing,destabilizing,destabilizing,destabilizing,destabilizing,neutral,neutral,neutral,neutral,neutral,neutral,uncertain,Stability
F134T,,destabilizing,destabilizing,,destabilizing,,uncertain,,destabilizing,neutral,neutral,neutral,neutral,neutral,neutral,uncertain,Stability
C135D,,uncertain,destabilizing,,uncertain,,uncertain,,uncertain,neutral,neutral,neutral,neutral,neutral,neutral,uncertain,Stability
C135E,,uncertain,destabilizing,,uncertain,,uncertain,,destabilizing,neutral,neutral,neutral,neutral,neutral,neutral,uncertain,Stability
C135F,uncertain,uncertain,neutral,destabilizing,uncertain,uncertain,uncertain,destabilizing,destabilizing,neutral,neutral,neutral,neutral,neutral,neutral,uncertain,Stability
C135H,,uncertain,uncertain,,destabilizing,,uncertain,,destabilizing,neutral,neutral,neutral,neutral,neutral,neutral,uncertain,Stability
C135K,,destabilizing,uncertain,,destabilizing,,destabilizing,,destabilizing,neutral,neutral,neutral,neutral,neutral,neutral,uncertain,Stability
C135P,,destabilizing,uncertain,,destabilizing,,destabilizing,,destabilizing,neutral,neutral,neutral,neutral,neutral,neutral,uncertain,Stability
C135Q,,neutral,uncertain,,neutral,,uncertain,,destabilizing,neutral,neutral,neutral,neutral,neutral,neutral,uncertain,Stability
C135R,destabilizing,uncertain,uncertain,destabilizing,destabilizing,destabilizing,uncertain,destabilizing,destabilizing,neutral,neutral,neutral,neutral,neutral,neutral,uncertain,Stability
C135W,destabilizing,uncertain,neutral,destabilizing,destabilizing,destabilizing,uncertain,destabilizing,destabilizing,neutral,neutral,neutral,neutral,neutral,neutral,uncertain,Stability
C135Y,destabilizing,uncertain,neutral,destabilizing,destabilizing,destabilizing,uncertain,destabilizing,destabilizing,neutral,neutral,neutral,neutral,neutral,neutral,uncertain,Stability
Q136A,,neutral,neutral,,neutral,,neutral,,neutral,neutral,neutral,neutral,neutral,neutral,neutral,damaging,Long Range
Q136C,,neutral,neutral,,neutral,,neutral,,neutral,neutral,neutral,neutral,neutral,neutral,neutral,damaging,Long Range
Q136D,,neutral,destabilizing,,neutral,,neutral,,neutral,neutral,neutral,neutral,neutral,neutral,neutral,damaging,"Stability, Long Range"
Q136E,neutral,neutral,neutral,neutral,neutral,neutral,neutral,neutral,neutral,neutral,neutral,neutral,neutral,neutral,neutral,damaging,Long Range
Q136F,,neutral,uncertain,,neutral,,neutral,,neutral,neutral,neutral,neutral,neutral,neutral,neutral,damaging,Long Range
Q136G,,neutral,uncertain,,neutral,,neutral,,neutral,neutral,neutral,neutral,neutral,neutral,neutral,damaging,Long Range
Q136H,neutral,neutral,uncertain,neutral,neutral,neutral,neutral,neutral,neutral,neutral,neutral,neutral,neutral,neutral,neutral,damaging,Long Range
Q136I,,neutral,uncertain,,neutral,,neutral,,neutral,neutral,neutral,neutral,neutral,neutral,neutral,damaging,Long Range
Q136K,neutral,neutral,neutral,neutral,neutral,neutral,neutral,neutral,neutral,neutral,neutral,neutral,neutral,neutral,neutral,damaging,Long Range
Q136L,neutral,neutral,neutral,neutral,neutral,neutral,neutral,neutral,neutral,neutral,neutral,neutral,neutral,neutral,neutral,damaging,Long Range
Q136M,,neutral,neutral,,neutral,,neutral,,neutral,neutral,neutral,neutral,neutral,neutral,neutral,damaging,Long Range
Q136N,,neutral,uncertain,,neutral,,neutral,,neutral,neutral,neutral,neutral,neutral,neutral,neutral,damaging,Long Range
Q136P,destabilizing,destabilizing,destabilizing,destabilizing,destabilizing,uncertain,uncertain,neutral,neutral,neutral,neutral,neutral,neutral,neutral,neutral,damaging,"Stability, Long Range"
Q136S,,neutral,neutral,,neutral,,neutral,,neutral,neutral,neutral,neutral,neutral,neutral,neutral,damaging,Long Range
Q136T,,neutral,neutral,,neutral,,neutral,,neutral,neutral,neutral,neutral,neutral,neutral,neutral,damaging,Long Range
Q136W,,neutral,uncertain,,neutral,,neutral,,neutral,neutral,neutral,neutral,neutral,neutral,neutral,damaging,Long Range
Q136Y,,neutral,uncertain,,neutral,,neutral,,neutral,neutral,neutral,neutral,neutral,neutral,neutral,damaging,Long Range
A138C,,neutral,neutral,,neutral,,neutral,,neutral,neutral,neutral,neutral,neutral,neutral,neutral,damaging,Long Range
A138D,uncertain,neutral,neutral,neutral,neutral,neutral,neutral,neutral,neutral,neutral,neutral,neutral,neutral,neutral,neutral,damaging,Long Range
A138E,,neutral,neutral,,neutral,,neutral,,neutral,neutral,neutral,neutral,neutral,neutral,neutral,damaging,Long Range
A138F,,neutral,neutral,,neutral,,neutral,,neutral,neutral,neutral,neutral,neutral,neutral,neutral,damaging,Long Range
A138H,,neutral,neutral,,neutral,,neutral,,neutral,neutral,neutral,neutral,neutral,neutral,neutral,damaging,Long Range
A138I,,neutral,neutral,,neutral,,neutral,,neutral,neutral,neutral,neutral,neutral,neutral,neutral,damaging,Long Range
A138K,,neutral,neutral,,neutral,,neutral,,neutral,neutral,neutral,neutral,neutral,neutral,neutral,damaging,Long Range
A138L,,neutral,neutral,,neutral,,neutral,,neutral,neutral,neutral,neutral,neutral,neutral,neutral,damaging,Long Range
A138M,,neutral,neutral,,neutral,,neutral,,neutral,neutral,neutral,neutral,neutral,neutral,neutral,damaging,Long Range
A138N,,neutral,neutral,,neutral,,neutral,,neutral,neutral,neutral,neutral,neutral,neutral,neutral,damaging,Long Range
A138P,destabilizing,destabilizing,uncertain,destabilizing,destabilizing,uncertain,uncertain,neutral,neutral,neutral,neutral,neutral,neutral,neutral,neutral,damaging,"Stability, Long Range"
A138Q,,neutral,neutral,,neutral,,neutral,,neutral,neutral,neutral,neutral,neutral,neutral,neutral,damaging,Long Range
A138R,,neutral,neutral,,neutral,,neutral,,neutral,neutral,neutral,neutral,neutral,neutral,neutral,damaging,Long Range
A138T,neutral,neutral,neutral,neutral,neutral,neutral,neutral,neutral,neutral,neutral,neutral,neutral,neutral,neutral,neutral,damaging,Long Range
A138V,uncertain,neutral,neutral,uncertain,neutral,neutral,neutral,neutral,neutral,neutral,neutral,neutral,neutral,neutral,neutral,damaging,Long Range
A138W,,neutral,neutral,,neutral,,neutral,,neutral,neutral,neutral,neutral,neutral,neutral,neutral,damaging,Long Range
A138Y,,neutral,neutral,,neutral,,neutral,,neutral,neutral,neutral,neutral,neutral,neutral,neutral,damaging,Long Range
K139P,,uncertain,destabilizing,,uncertain,,destabilizing,,destabilizing,neutral,neutral,neutral,neutral,neutral,neutral,uncertain,Stability
C141E,,uncertain,uncertain,,neutral,,uncertain,,destabilizing,neutral,neutral,neutral,neutral,neutral,neutral,neutral,Stability
C141F,uncertain,uncertain,neutral,destabilizing,uncertain,uncertain,uncertain,destabilizing,destabilizing,neutral,neutral,neutral,neutral,neutral,neutral,neutral,Stability
C141G,uncertain,uncertain,uncertain,destabilizing,uncertain,uncertain,uncertain,uncertain,neutral,neutral,neutral,neutral,neutral,neutral,neutral,neutral,Stability
C141H,,uncertain,uncertain,,uncertain,,uncertain,,destabilizing,neutral,neutral,neutral,neutral,neutral,neutral,neutral,Stability
C141K,,destabilizing,uncertain,,destabilizing,,destabilizing,,destabilizing,neutral,neutral,neutral,neutral,neutral,neutral,neutral,Stability
C141P,,destabilizing,uncertain,,destabilizing,,destabilizing,,destabilizing,neutral,neutral,neutral,neutral,neutral,neutral,uncertain,Stability
C141R,destabilizing,uncertain,uncertain,destabilizing,destabilizing,destabilizing,uncertain,destabilizing,destabilizing,neutral,neutral,neutral,neutral,neutral,neutral,neutral,Stability
C141W,destabilizing,uncertain,neutral,destabilizing,destabilizing,destabilizing,uncertain,destabilizing,destabilizing,neutral,neutral,neutral,neutral,neutral,neutral,neutral,Stability
C141Y,destabilizing,uncertain,neutral,destabilizing,destabilizing,destabilizing,uncertain,destabilizing,destabilizing,neutral,neutral,neutral,neutral,neutral,neutral,neutral,Stability
P142D,,uncertain,destabilizing,,neutral,,uncertain,,neutral,neutral,neutral,neutral,neutral,neutral,neutral,uncertain,Stability
P142H,uncertain,uncertain,uncertain,destabilizing,neutral,uncertain,uncertain,uncertain,uncertain,neutral,neutral,neutral,neutral,neutral,neutral,uncertain,Stability
V143A,uncertain,uncertain,destabilizing,destabilizing,uncertain,uncertain,uncertain,neutral,neutral,neutral,neutral,neutral,neutral,neutral,neutral,uncertain,Stability
V143D,,destabilizing,destabilizing,,destabilizing,,uncertain,,uncertain,neutral,neutral,neutral,neutral,neutral,neutral,uncertain,Stability
V143E,destabilizing,destabilizing,destabilizing,destabilizing,destabilizing,destabilizing,uncertain,destabilizing,uncertain,neutral,neutral,neutral,neutral,neutral,neutral,uncertain,Stability
V143G,destabilizing,destabilizing,destabilizing,destabilizing,destabilizing,uncertain,uncertain,uncertain,uncertain,neutral,neutral,neutral,neutral,neutral,neutral,uncertain,Stability
V143H,,uncertain,destabilizing,,destabilizing,,uncertain,,destabilizing,neutral,neutral,neutral,neutral,neutral,neutral,neutral,Stability
V143K,,destabilizing,destabilizing,,destabilizing,,destabilizing,,destabilizing,neutral,neutral,neutral,neutral,neutral,neutral,neutral,Stability
V143N,,uncertain,destabilizing,,uncertain,,uncertain,,neutral,neutral,neutral,neutral,neutral,neutral,neutral,uncertain,Stability
V143P,,destabilizing,destabilizing,,destabilizing,,destabilizing,,destabilizing,neutral,neutral,neutral,neutral,neutral,neutral,uncertain,Stability
V143Q,,uncertain,destabilizing,,uncertain,,uncertain,,uncertain,neutral,neutral,neutral,neutral,neutral,neutral,uncertain,Stability
V143R,,destabilizing,destabilizing,,destabilizing,,uncertain,,destabilizing,neutral,neutral,neutral,neutral,neutral,neutral,neutral,Stability
V143S,,destabilizing,destabilizing,,destabilizing,,uncertain,,uncertain,neutral,neutral,neutral,neutral,neutral,neutral,uncertain,Stability
V143T,,neutral,destabilizing,,neutral,,neutral,,neutral,neutral,neutral,neutral,neutral,neutral,neutral,uncertain,Stability
V143W,,uncertain,destabilizing,,destabilizing,,uncertain,,destabilizing,neutral,neutral,neutral,neutral,neutral,neutral,neutral,Stability
V143Y,,uncertain,destabilizing,,destabilizing,,uncertain,,destabilizing,neutral,neutral,neutral,neutral,neutral,neutral,neutral,Stability
Q144P,uncertain,uncertain,destabilizing,uncertain,uncertain,uncertain,uncertain,destabilizing,neutral,neutral,neutral,neutral,neutral,neutral,neutral,uncertain,Stability
L145A,,destabilizing,uncertain,,destabilizing,,uncertain,,uncertain,neutral,neutral,neutral,neutral,neutral,neutral,neutral,Stability
L145C,,destabilizing,neutral,,destabilizing,,uncertain,,uncertain,neutral,neutral,neutral,neutral,neutral,neutral,neutral,Stability
L145D,,destabilizing,destabilizing,,destabilizing,,destabilizing,,destabilizing,neutral,neutral,neutral,neutral,neutral,neutral,neutral,Stability
L145E,,destabilizing,destabilizing,,destabilizing,,destabilizing,,destabilizing,neutral,neutral,neutral,neutral,neutral,neutral,neutral,Stability
L145G,,destabilizing,destabilizing,,destabilizing,,uncertain,,destabilizing,neutral,neutral,neutral,neutral,neutral,neutral,neutral,Stability
L145H,,uncertain,destabilizing,,uncertain,,uncertain,,destabilizing,neutral,neutral,neutral,neutral,neutral,neutral,neutral,Stability
L145K,,destabilizing,destabilizing,,destabilizing,,destabilizing,,destabilizing,neutral,neutral,neutral,neutral,neutral,neutral,uncertain,Stability
L145N,,destabilizing,destabilizing,,destabilizing,,uncertain,,uncertain,neutral,neutral,neutral,neutral,neutral,neutral,neutral,Stability
L145P,destabilizing,destabilizing,destabilizing,destabilizing,destabilizing,destabilizing,destabilizing,destabilizing,destabilizing,neutral,neutral,neutral,neutral,neutral,neutral,neutral,Stability
L145Q,uncertain,uncertain,destabilizing,uncertain,destabilizing,uncertain,uncertain,uncertain,uncertain,neutral,neutral,neutral,neutral,neutral,neutral,neutral,Stability
L145R,destabilizing,destabilizing,destabilizing,destabilizing,destabilizing,destabilizing,uncertain,destabilizing,destabilizing,neutral,neutral,neutral,neutral,neutral,neutral,neutral,Stability
L145S,,destabilizing,destabilizing,,destabilizing,,uncertain,,uncertain,neutral,neutral,neutral,neutral,neutral,neutral,neutral,Stability
L145W,,uncertain,uncertain,,destabilizing,,uncertain,,destabilizing,neutral,neutral,neutral,neutral,neutral,neutral,neutral,Stability
L145Y,,uncertain,uncertain,,uncertain,,uncertain,,destabilizing,neutral,neutral,neutral,neutral,neutral,neutral,neutral,Stability
W146D,,uncertain,destabilizing,,uncertain,,uncertain,,uncertain,neutral,neutral,neutral,neutral,neutral,neutral,uncertain,Stability
W146P,,destabilizing,destabilizing,,destabilizing,,destabilizing,,destabilizing,neutral,neutral,neutral,neutral,neutral,neutral,uncertain,Stability
V147D,uncertain,uncertain,destabilizing,uncertain,destabilizing,uncertain,uncertain,destabilizing,destabilizing,neutral,neutral,neutral,neutral,neutral,neutral,neutral,Stability
V147E,uncertain,uncertain,destabilizing,uncertain,uncertain,destabilizing,destabilizing,destabilizing,destabilizing,neutral,neutral,neutral,neutral,neutral,neutral,uncertain,Stability
V147F,neutral,neutral,uncertain,neutral,neutral,destabilizing,uncertain,destabilizing,destabilizing,neutral,neutral,neutral,neutral,neutral,neutral,uncertain,Stability
V147G,uncertain,uncertain,destabilizing,destabilizing,destabilizing,uncertain,uncertain,neutral,neutral,neutral,neutral,neutral,neutral,neutral,neutral,neutral,Stability
V147H,,uncertain,destabilizing,,neutral,,uncertain,,destabilizing,neutral,neutral,neutral,neutral,neutral,neutral,uncertain,Stability
V147K,,uncertain,destabilizing,,uncertain,,destabilizing,,destabilizing,neutral,neutral,neutral,neutral,neutral,neutral,uncertain,Stability
V147N,,uncertain,destabilizing,,neutral,,uncertain,,neutral,neutral,neutral,neutral,neutral,neutral,neutral,neutral,Stability
V147P,,uncertain,destabilizing,,destabilizing,,uncertain,,uncertain,neutral,neutral,neutral,neutral,neutral,neutral,neutral,Stability
V147Q,,uncertain,destabilizing,,neutral,,uncertain,,destabilizing,neutral,neutral,neutral,neutral,neutral,neutral,uncertain,Stability
V147R,,uncertain,destabilizing,,uncertain,,destabilizing,,destabilizing,neutral,neutral,neutral,neutral,neutral,neutral,uncertain,Stability
V147W,,uncertain,uncertain,,uncertain,,destabilizing,,destabilizing,neutral,neutral,neutral,neutral,neutral,neutral,uncertain,Stability
V147Y,,uncertain,uncertain,,neutral,,uncertain,,destabilizing,neutral,neutral,neutral,neutral,neutral,neutral,uncertain,Stability
P151A,uncertain,uncertain,uncertain,uncertain,neutral,neutral,neutral,neutral,neutral,neutral,neutral,neutral,neutral,neutral,neutral,damaging,Long Range
P151D,,uncertain,destabilizing,,destabilizing,,uncertain,,uncertain,neutral,neutral,neutral,neutral,neutral,neutral,uncertain,Stability
P151E,,uncertain,uncertain,,uncertain,,uncertain,,uncertain,neutral,neutral,neutral,neutral,neutral,neutral,damaging,Long Range
P151F,destabilizing,uncertain,neutral,destabilizing,destabilizing,uncertain,uncertain,neutral,neutral,neutral,neutral,neutral,neutral,neutral,neutral,damaging,"Stability, Long Range"
P151G,,uncertain,uncertain,,destabilizing,,neutral,,neutral,neutral,neutral,neutral,neutral,neutral,neutral,damaging,"Stability, Long Range"
P151H,destabilizing,uncertain,uncertain,destabilizing,destabilizing,uncertain,uncertain,uncertain,uncertain,neutral,neutral,neutral,neutral,neutral,neutral,damaging,"Stability, Long Range"
P151I,,uncertain,uncertain,,neutral,,uncertain,,neutral,neutral,neutral,neutral,neutral,neutral,neutral,damaging,Long Range
P151K,,destabilizing,uncertain,,destabilizing,,uncertain,,neutral,neutral,neutral,neutral,neutral,neutral,neutral,damaging,"Stability, Long Range"
P151M,,neutral,uncertain,,neutral,,neutral,,neutral,neutral,neutral,neutral,neutral,neutral,neutral,damaging,Long Range
P151N,,uncertain,destabilizing,,uncertain,,uncertain,,neutral,neutral,neutral,neutral,neutral,neutral,neutral,uncertain,Stability
P151Q,,uncertain,uncertain,,uncertain,,uncertain,,neutral,neutral,neutral,neutral,neutral,neutral,neutral,damaging,Long Range
P151R,destabilizing,uncertain,uncertain,destabilizing,destabilizing,uncertain,uncertain,neutral,neutral,neutral,neutral,neutral,neutral,neutral,neutral,damaging,"Stability, Long Range"
P151W,,uncertain,uncertain,,destabilizing,,uncertain,,uncertain,neutral,neutral,neutral,neutral,neutral,neutral,damaging,"Stability, Long Range"
P151Y,,uncertain,uncertain,,destabilizing,,uncertain,,neutral,neutral,neutral,neutral,neutral,neutral,neutral,damaging,"Stability, Long Range"
P152W,,neutral,uncertain,,neutral,,uncertain,,destabilizing,neutral,neutral,neutral,neutral,neutral,neutral,neutral,Stability
G154I,destabilizing,uncertain,uncertain,destabilizing,destabilizing,destabilizing,uncertain,destabilizing,uncertain,neutral,neutral,neutral,neutral,neutral,neutral,uncertain,Stability
G154P,,destabilizing,destabilizing,,destabilizing,,destabilizing,,destabilizing,neutral,neutral,neutral,neutral,neutral,neutral,uncertain,Stability
G154V,destabilizing,uncertain,uncertain,destabilizing,destabilizing,destabilizing,uncertain,destabilizing,uncertain,neutral,neutral,neutral,neutral,neutral,neutral,uncertain,Stability
T155D,,uncertain,destabilizing,,destabilizing,,uncertain,,destabilizing,uncertain,neutral,uncertain,uncertain,neutral,uncertain,uncertain,Stability
T155E,,uncertain,destabilizing,,destabilizing,,uncertain,,destabilizing,uncertain,neutral,uncertain,uncertain,neutral,uncertain,neutral,Stability
T155F,uncertain,uncertain,uncertain,destabilizing,neutral,uncertain,uncertain,destabilizing,destabilizing,uncertain,uncertain,uncertain,uncertain,neutral,uncertain,neutral,Stability
T155H,,uncertain,destabilizing,,destabilizing,,uncertain,,destabilizing,uncertain,neutral,uncertain,uncertain,neutral,uncertain,neutral,Stability
T155K,,uncertain,destabilizing,,uncertain,,uncertain,,uncertain,uncertain,uncertain,uncertain,uncertain,neutral,uncertain,neutral,Stability
T155L,uncertain,neutral,uncertain,neutral,neutral,neutral,neutral,neutral,neutral,uncertain,damaging,uncertain,uncertain,damaging,uncertain,neutral,PTM
T155P,destabilizing,destabilizing,destabilizing,destabilizing,destabilizing,uncertain,uncertain,destabilizing,uncertain,uncertain,neutral,uncertain,uncertain,damaging,uncertain,uncertain,"Stability, PTM"
T155Q,,uncertain,destabilizing,,uncertain,,uncertain,,uncertain,uncertain,uncertain,uncertain,uncertain,neutral,uncertain,neutral,Stability
T155R,,uncertain,destabilizing,,uncertain,,uncertain,,destabilizing,uncertain,uncertain,uncertain,uncertain,neutral,uncertain,neutral,Stability
T155W,,uncertain,uncertain,,destabilizing,,uncertain,,destabilizing,uncertain,neutral,uncertain,uncertain,neutral,uncertain,neutral,Stability
T155Y,,uncertain,uncertain,,uncertain,,uncertain,,destabilizing,uncertain,neutral,uncertain,uncertain,neutral,uncertain,neutral,Stability
R156D,,uncertain,destabilizing,,uncertain,,neutral,,neutral,neutral,neutral,neutral,neutral,neutral,neutral,uncertain,Stability
R156P,uncertain,uncertain,destabilizing,destabilizing,destabilizing,destabilizing,uncertain,destabilizing,destabilizing,neutral,neutral,neutral,neutral,neutral,neutral,uncertain,Stability
V157D,destabilizing,destabilizing,destabilizing,destabilizing,destabilizing,destabilizing,destabilizing,destabilizing,destabilizing,neutral,neutral,neutral,neutral,neutral,neutral,neutral,Stability
V157E,destabilizing,destabilizing,destabilizing,destabilizing,destabilizing,destabilizing,uncertain,destabilizing,destabilizing,neutral,neutral,neutral,neutral,neutral,neutral,uncertain,Stability
V157G,destabilizing,destabilizing,destabilizing,destabilizing,destabilizing,uncertain,uncertain,destabilizing,destabilizing,neutral,neutral,neutral,neutral,neutral,neutral,neutral,Stability
V157H,,uncertain,destabilizing,,destabilizing,,uncertain,,destabilizing,neutral,neutral,neutral,neutral,neutral,neutral,neutral,Stability
V157K,,destabilizing,destabilizing,,destabilizing,,destabilizing,,destabilizing,neutral,neutral,neutral,neutral,neutral,neutral,neutral,Stability
V157N,,uncertain,destabilizing,,uncertain,,uncertain,,uncertain,neutral,neutral,neutral,neutral,neutral,neutral,neutral,Stability
V157P,,destabilizing,destabilizing,,destabilizing,,destabilizing,,destabilizing,neutral,neutral,neutral,neutral,neutral,neutral,neutral,Stability
V157Q,,uncertain,destabilizing,,uncertain,,uncertain,,uncertain,neutral,neutral,neutral,neutral,neutral,neutral,uncertain,Stability
V157R,,destabilizing,destabilizing,,destabilizing,,uncertain,,destabilizing,neutral,neutral,neutral,neutral,neutral,neutral,neutral,Stability
V157S,,destabilizing,destabilizing,,destabilizing,,uncertain,,uncertain,neutral,neutral,neutral,neutral,neutral,neutral,neutral,Stability
V157W,,destabilizing,uncertain,,destabilizing,,uncertain,,destabilizing,neutral,neutral,neutral,neutral,neutral,neutral,neutral,Stability
V157Y,,uncertain,uncertain,,destabilizing,,uncertain,,destabilizing,neutral,neutral,neutral,neutral,neutral,neutral,neutral,Stability
R158A,,neutral,uncertain,,neutral,,neutral,,neutral,neutral,neutral,neutral,neutral,neutral,neutral,damaging,Long Range
R158C,neutral,neutral,neutral,neutral,neutral,neutral,neutral,neutral,neutral,neutral,neutral,neutral,neutral,neutral,neutral,damaging,Long Range
R158D,,uncertain,destabilizing,,uncertain,,uncertain,,uncertain,neutral,neutral,neutral,neutral,neutral,neutral,damaging,"Stability, Long Range"
R158E,,uncertain,uncertain,,uncertain,,neutral,,neutral,neutral,neutral,neutral,neutral,neutral,neutral,damaging,Long Range
R158F,uncertain,uncertain,neutral,neutral,neutral,uncertain,uncertain,uncertain,uncertain,neutral,neutral,neutral,neutral,neutral,neutral,damaging,Long Range
R158G,uncertain,uncertain,destabilizing,destabilizing,uncertain,uncertain,uncertain,uncertain,uncertain,neutral,neutral,neutral,neutral,neutral,neutral,damaging,"Stability, Long Range"
R158H,uncertain,uncertain,uncertain,uncertain,uncertain,uncertain,uncertain,uncertain,destabilizing,neutral,neutral,neutral,neutral,neutral,neutral,damaging,"Stability, Long Range"
R158I,neutral,neutral,neutral,neutral,neutral,neutral,neutral,neutral,neutral,neutral,neutral,neutral,neutral,neutral,neutral,damaging,Long Range
R158L,neutral,neutral,neutral,neutral,neutral,neutral,neutral,neutral,neutral,neutral,neutral,neutral,neutral,neutral,neutral,damaging,Long Range
R158M,,neutral,neutral,,neutral,,neutral,,neutral,neutral,neutral,neutral,neutral,neutral,neutral,damaging,Long Range
R158N,,neutral,uncertain,,neutral,,neutral,,neutral,neutral,neutral,neutral,neutral,neutral,neutral,damaging,Long Range
R158P,uncertain,destabilizing,destabilizing,destabilizing,destabilizing,destabilizing,destabilizing,destabilizing,destabilizing,neutral,neutral,neutral,neutral,neutral,neutral,damaging,"Stability, Long Range"
R158Q,,neutral,uncertain,,neutral,,neutral,,neutral,neutral,neutral,neutral,neutral,neutral,neutral,damaging,Long Range
R158S,uncertain,uncertain,uncertain,uncertain,uncertain,neutral,neutral,neutral,neutral,neutral,neutral,neutral,neutral,neutral,neutral,damaging,Long Range
R158T,,neutral,neutral,,neutral,,neutral,,neutral,neutral,neutral,neutral,neutral,neutral,neutral,damaging,Long Range
R158V,,neutral,neutral,,neutral,,neutral,,neutral,neutral,neutral,neutral,neutral,neutral,neutral,damaging,Long Range
R158W,,uncertain,neutral,,neutral,,uncertain,,uncertain,neutral,neutral,neutral,neutral,neutral,neutral,damaging,Long Range
R158Y,,uncertain,neutral,,uncertain,,uncertain,,destabilizing,neutral,neutral,neutral,neutral,neutral,neutral,damaging,"Stability, Long Range"
A159D,uncertain,uncertain,destabilizing,uncertain,uncertain,uncertain,uncertain,destabilizing,uncertain,neutral,neutral,neutral,neutral,neutral,neutral,uncertain,Stability
A159F,uncertain,uncertain,uncertain,destabilizing,destabilizing,destabilizing,uncertain,destabilizing,destabilizing,neutral,neutral,neutral,neutral,neutral,neutral,uncertain,Stability
A159H,,uncertain,uncertain,,destabilizing,,uncertain,,destabilizing,neutral,neutral,neutral,neutral,neutral,neutral,uncertain,Stability
A159I,neutral,neutral,stabilizing,neutral,neutral,neutral,neutral,neutral,neutral,neutral,neutral,neutral,neutral,neutral,neutral,uncertain,Stability
A159K,,destabilizing,uncertain,,destabilizing,,uncertain,,destabilizing,neutral,neutral,neutral,neutral,neutral,neutral,uncertain,Stability
A159P,uncertain,uncertain,uncertain,uncertain,destabilizing,uncertain,uncertain,uncertain,destabilizing,neutral,neutral,neutral,neutral,neutral,neutral,uncertain,Stability
A159R,,destabilizing,uncertain,,destabilizing,,uncertain,,destabilizing,neutral,neutral,neutral,neutral,neutral,neutral,uncertain,Stability
A159W,,destabilizing,neutral,,destabilizing,,uncertain,,destabilizing,neutral,neutral,neutral,neutral,neutral,neutral,uncertain,Stability
A159Y,,uncertain,neutral,,destabilizing,,uncertain,,destabilizing,neutral,neutral,neutral,neutral,neutral,neutral,uncertain,Stability
M160A,,neutral,uncertain,,neutral,,neutral,,neutral,neutral,neutral,neutral,neutral,neutral,neutral,damaging,Long Range
M160C,,neutral,neutral,,neutral,,neutral,,neutral,neutral,neutral,neutral,neutral,neutral,neutral,damaging,Long Range
M160D,,uncertain,uncertain,,uncertain,,uncertain,,neutral,neutral,neutral,neutral,neutral,neutral,neutral,damaging,Long Range
M160E,,neutral,neutral,,neutral,,neutral,,neutral,neutral,neutral,neutral,neutral,neutral,neutral,damaging,Long Range
M160F,,neutral,neutral,,neutral,,uncertain,,neutral,neutral,neutral,neutral,neutral,neutral,neutral,damaging,Long Range
M160G,,uncertain,destabilizing,,uncertain,,uncertain,,uncertain,neutral,neutral,neutral,neutral,neutral,neutral,damaging,"Stability, Long Range"
M160H,,uncertain,uncertain,,neutral,,uncertain,,neutral,neutral,neutral,neutral,neutral,neutral,neutral,damaging,Long Range
M160K,uncertain,neutral,uncertain,uncertain,neutral,uncertain,uncertain,uncertain,neutral,neutral,neutral,neutral,neutral,neutral,neutral,damaging,Long Range
M160N,uncertain,uncertain,uncertain,uncertain,uncertain,uncertain,uncertain,uncertain,neutral,neutral,neutral,neutral,neutral,neutral,neutral,damaging,Long Range
M160P,,destabilizing,destabilizing,,destabilizing,,destabilizing,,destabilizing,neutral,neutral,neutral,neutral,neutral,neutral,damaging,"Stability, Long Range"
M160Q,,neutral,neutral,,neutral,,neutral,,neutral,neutral,neutral,neutral,neutral,neutral,neutral,damaging,Long Range
M160R,uncertain,uncertain,uncertain,neutral,neutral,uncertain,uncertain,uncertain,neutral,neutral,neutral,neutral,neutral,neutral,neutral,damaging,Long Range
M160S,,uncertain,uncertain,,uncertain,,uncertain,,uncertain,neutral,neutral,neutral,neutral,neutral,neutral,damaging,Long Range
M160W,,uncertain,neutral,,neutral,,uncertain,,neutral,neutral,neutral,neutral,neutral,neutral,neutral,damaging,Long Range
M160Y,,uncertain,neutral,,neutral,,uncertain,,neutral,neutral,neutral,neutral,neutral,neutral,neutral,damaging,Long Range
A161D,uncertain,uncertain,uncertain,uncertain,uncertain,destabilizing,uncertain,destabilizing,destabilizing,neutral,neutral,neutral,neutral,neutral,neutral,neutral,Stability
A161E,,neutral,uncertain,,neutral,,uncertain,,destabilizing,neutral,neutral,neutral,neutral,neutral,neutral,neutral,Stability
A161F,destabilizing,uncertain,neutral,destabilizing,uncertain,destabilizing,uncertain,destabilizing,destabilizing,neutral,neutral,neutral,neutral,neutral,neutral,neutral,Stability
A161H,,uncertain,uncertain,,uncertain,,uncertain,,destabilizing,neutral,neutral,neutral,neutral,neutral,neutral,neutral,Stability
A161K,,uncertain,uncertain,,uncertain,,uncertain,,destabilizing,neutral,neutral,neutral,neutral,neutral,neutral,neutral,Stability
A161N,neutral,neutral,uncertain,neutral,neutral,destabilizing,uncertain,destabilizing,uncertain,neutral,neutral,neutral,neutral,neutral,neutral,neutral,Stability
A161R,,uncertain,uncertain,,destabilizing,,uncertain,,destabilizing,neutral,neutral,neutral,neutral,neutral,neutral,neutral,Stability
A161W,,uncertain,neutral,,destabilizing,,uncertain,,destabilizing,neutral,neutral,neutral,neutral,neutral,neutral,neutral,Stability
A161Y,,uncertain,neutral,,destabilizing,,uncertain,,destabilizing,neutral,neutral,neutral,neutral,neutral,neutral,neutral,Stability
I162D,,uncertain,destabilizing,,uncertain,,uncertain,,destabilizing,neutral,neutral,neutral,neutral,neutral,neutral,neutral,Stability
I162E,,uncertain,destabilizing,,uncertain,,uncertain,,destabilizing,neutral,neutral,neutral,neutral,neutral,neutral,neutral,Stability
I162F,uncertain,uncertain,uncertain,destabilizing,uncertain,uncertain,uncertain,uncertain,uncertain,neutral,neutral,neutral,neutral,neutral,neutral,neutral,Stability
I162G,,destabilizing,destabilizing,,destabilizing,,uncertain,,uncertain,neutral,neutral,neutral,neutral,neutral,neutral,neutral,Stability
I162H,,uncertain,uncertain,,destabilizing,,uncertain,,destabilizing,neutral,neutral,neutral,neutral,neutral,neutral,neutral,Stability
I162K,,uncertain,destabilizing,,uncertain,,uncertain,,uncertain,neutral,neutral,neutral,neutral,neutral,neutral,uncertain,Stability
I162N,uncertain,uncertain,destabilizing,uncertain,uncertain,uncertain,neutral,uncertain,neutral,neutral,neutral,neutral,neutral,neutral,neutral,neutral,Stability
I162P,,destabilizing,destabilizing,,destabilizing,,uncertain,,destabilizing,neutral,neutral,neutral,neutral,neutral,neutral,neutral,Stability
I162R,,uncertain,destabilizing,,destabilizing,,uncertain,,uncertain,neutral,neutral,neutral,neutral,neutral,neutral,neutral,Stability
I162W,,uncertain,uncertain,,destabilizing,,uncertain,,destabilizing,neutral,neutral,neutral,neutral,neutral,neutral,neutral,Stability
I162Y,,uncertain,uncertain,,destabilizing,,uncertain,,destabilizing,neutral,neutral,neutral,neutral,neutral,neutral,neutral,Stability
Y163A,,uncertain,destabilizing,,destabilizing,,uncertain,,neutral,uncertain,,,uncertain,,,uncertain,Stability
Y163C,uncertain,uncertain,uncertain,uncertain,destabilizing,uncertain,uncertain,neutral,neutral,uncertain,,,uncertain,,,uncertain,Stability
Y163D,destabilizing,destabilizing,destabilizing,destabilizing,destabilizing,uncertain,uncertain,uncertain,neutral,uncertain,,,uncertain,,,uncertain,Stability
Y163E,,destabilizing,destabilizing,,destabilizing,,uncertain,,neutral,uncertain,,,uncertain,,,uncertain,Stability
Y163G,,destabilizing,destabilizing,,destabilizing,,uncertain,,neutral,uncertain,,,uncertain,,,uncertain,Stability
Y163K,,destabilizing,uncertain,,destabilizing,,uncertain,,neutral,uncertain,,,uncertain,,,uncertain,Stability
Y163N,uncertain,uncertain,destabilizing,destabilizing,destabilizing,uncertain,uncertain,neutral,neutral,uncertain,,,uncertain,,,uncertain,Stability
Y163P,,uncertain,uncertain,,destabilizing,,uncertain,,uncertain,uncertain,,,uncertain,,,uncertain,Stability
Y163Q,,destabilizing,destabilizing,,destabilizing,,uncertain,,neutral,uncertain,,,uncertain,,,uncertain,Stability
Y163R,,destabilizing,uncertain,,destabilizing,,uncertain,,neutral,uncertain,,,uncertain,,,uncertain,Stability
Y163S,destabilizing,destabilizing,destabilizing,destabilizing,destabilizing,uncertain,uncertain,neutral,neutral,uncertain,,,uncertain,,,uncertain,Stability
Y163T,,destabilizing,destabilizing,,destabilizing,,uncertain,,neutral,uncertain,,,uncertain,,,uncertain,Stability
K164P,,neutral,neutral,,neutral,,uncertain,,destabilizing,neutral,neutral,neutral,neutral,neutral,neutral,uncertain,Stability
Q165C,,neutral,neutral,,neutral,,neutral,,neutral,neutral,neutral,neutral,neutral,neutral,neutral,damaging,Long Range
Q165D,,neutral,neutral,,neutral,,neutral,,neutral,neutral,neutral,neutral,neutral,neutral,neutral,damaging,Long Range
Q165P,uncertain,uncertain,neutral,neutral,neutral,destabilizing,destabilizing,destabilizing,destabilizing,neutral,neutral,neutral,neutral,neutral,neutral,damaging,"Stability, Long Range"
H168A,,neutral,neutral,,neutral,,neutral,,neutral,neutral,neutral,neutral,neutral,neutral,neutral,damaging,Long Range
H168C,,neutral,neutral,,neutral,,neutral,,neutral,neutral,neutral,neutral,neutral,neutral,neutral,damaging,Long Range
H168E,,neutral,neutral,,neutral,,neutral,,neutral,neutral,neutral,neutral,neutral,neutral,neutral,damaging,Long Range
H168G,,uncertain,uncertain,,neutral,,uncertain,,neutral,neutral,neutral,neutral,neutral,neutral,neutral,damaging,Long Range
H168I,,neutral,uncertain,,neutral,,uncertain,,neutral,neutral,neutral,neutral,neutral,neutral,neutral,damaging,Long Range
H168K,,neutral,neutral,,neutral,,neutral,,neutral,neutral,neutral,neutral,neutral,neutral,neutral,damaging,Long Range
H168L,neutral,neutral,neutral,neutral,neutral,neutral,neutral,neutral,neutral,neutral,neutral,neutral,neutral,neutral,neutral,damaging,Long Range
H168M,,neutral,neutral,,neutral,,neutral,,neutral,neutral,neutral,neutral,neutral,neutral,neutral,damaging,Long Range
H168P,destabilizing,destabilizing,uncertain,destabilizing,destabilizing,destabilizing,destabilizing,destabilizing,destabilizing,neutral,neutral,neutral,neutral,neutral,neutral,damaging,"Stability, Long Range"
H168R,neutral,neutral,neutral,neutral,neutral,neutral,neutral,neutral,neutral,neutral,neutral,neutral,neutral,neutral,neutral,damaging,Long Range
H168S,,neutral,uncertain,,neutral,,neutral,,neutral,neutral,neutral,neutral,neutral,neutral,neutral,damaging,Long Range
H168T,,neutral,uncertain,,neutral,,uncertain,,neutral,neutral,neutral,neutral,neutral,neutral,neutral,damaging,Long Range
H168V,neutral,neutral,uncertain,neutral,neutral,uncertain,uncertain,neutral,neutral,neutral,neutral,neutral,neutral,neutral,neutral,damaging,Long Range
H168W,,neutral,neutral,,neutral,,neutral,,neutral,neutral,neutral,neutral,neutral,neutral,neutral,damaging,Long Range
M169P,,destabilizing,uncertain,,destabilizing,,uncertain,,neutral,neutral,neutral,neutral,neutral,neutral,neutral,uncertain,Stability
E171P,,uncertain,uncertain,,destabilizing,,uncertain,,destabilizing,neutral,neutral,neutral,neutral,neutral,neutral,uncertain,Stability
V172F,uncertain,uncertain,uncertain,uncertain,uncertain,uncertain,uncertain,destabilizing,destabilizing,neutral,neutral,neutral,neutral,neutral,neutral,neutral,Stability
V172H,,uncertain,uncertain,,uncertain,,uncertain,,destabilizing,neutral,neutral,neutral,neutral,neutral,neutral,neutral,Stability
V172P,,uncertain,uncertain,,neutral,,uncertain,,destabilizing,neutral,neutral,neutral,neutral,neutral,neutral,uncertain,Stability
V172R,,uncertain,uncertain,,neutral,,uncertain,,destabilizing,neutral,neutral,neutral,neutral,neutral,neutral,neutral,Stability
V172W,,uncertain,uncertain,,uncertain,,uncertain,,destabilizing,neutral,neutral,neutral,neutral,neutral,neutral,neutral,Stability
V172Y,,uncertain,uncertain,,uncertain,,uncertain,,destabilizing,neutral,neutral,neutral,neutral,neutral,neutral,neutral,Stability
V173A,uncertain,uncertain,uncertain,uncertain,uncertain,uncertain,neutral,neutral,neutral,neutral,neutral,neutral,neutral,neutral,neutral,damaging,Long Range
V173C,,uncertain,neutral,,neutral,,uncertain,,neutral,neutral,neutral,neutral,neutral,neutral,neutral,damaging,Long Range
V173D,,uncertain,uncertain,,destabilizing,,uncertain,,destabilizing,neutral,neutral,neutral,neutral,neutral,neutral,damaging,"Stability, Long Range"
V173E,uncertain,uncertain,uncertain,destabilizing,destabilizing,destabilizing,destabilizing,destabilizing,destabilizing,neutral,neutral,neutral,neutral,neutral,neutral,uncertain,Stability
V173F,,uncertain,uncertain,,uncertain,,destabilizing,,destabilizing,neutral,neutral,neutral,neutral,neutral,neutral,neutral,Stability
V173G,destabilizing,destabilizing,uncertain,destabilizing,destabilizing,uncertain,uncertain,uncertain,neutral,neutral,neutral,neutral,neutral,neutral,neutral,damaging,"Stability, Long Range"
V173H,,uncertain,uncertain,,destabilizing,,destabilizing,,destabilizing,neutral,neutral,neutral,neutral,neutral,neutral,neutral,Stability
V173K,,destabilizing,uncertain,,destabilizing,,destabilizing,,destabilizing,neutral,neutral,neutral,neutral,neutral,neutral,neutral,Stability
V173M,uncertain,neutral,neutral,neutral,neutral,uncertain,uncertain,destabilizing,uncertain,neutral,neutral,neutral,neutral,neutral,neutral,neutral,Stability
V173N,,uncertain,uncertain,,uncertain,,uncertain,,uncertain,neutral,neutral,neutral,neutral,neutral,neutral,damaging,Long Range
V173P,,uncertain,uncertain,,uncertain,,uncertain,,uncertain,neutral,neutral,neutral,neutral,neutral,neutral,damaging,Long Range
V173Q,destabilizing,uncertain,uncertain,destabilizing,uncertain,destabilizing,destabilizing,destabilizing,destabilizing,neutral,neutral,neutral,neutral,neutral,neutral,uncertain,Stability
V173R,destabilizing,destabilizing,uncertain,destabilizing,destabilizing,destabilizing,destabilizing,destabilizing,destabilizing,neutral,neutral,neutral,neutral,neutral,neutral,neutral,Stability
V173S,,uncertain,uncertain,,destabilizing,,uncertain,,neutral,neutral,neutral,neutral,neutral,neutral,neutral,damaging,"Stability, Long Range"
V173T,,uncertain,uncertain,,neutral,,uncertain,,neutral,neutral,neutral,neutral,neutral,neutral,neutral,damaging,Long Range
V173W,destabilizing,uncertain,uncertain,destabilizing,destabilizing,destabilizing,destabilizing,destabilizing,destabilizing,neutral,neutral,neutral,neutral,neutral,neutral,neutral,Stability
V173Y,,uncertain,uncertain,,destabilizing,,destabilizing,,destabilizing,neutral,neutral,neutral,neutral,neutral,neutral,neutral,Stability
R174D,,neutral,destabilizing,,neutral,,neutral,,neutral,neutral,neutral,neutral,neutral,neutral,neutral,uncertain,Stability
R174E,uncertain,neutral,destabilizing,neutral,neutral,neutral,neutral,neutral,neutral,neutral,neutral,neutral,neutral,neutral,neutral,uncertain,Stability
R174P,,uncertain,destabilizing,,uncertain,,uncertain,,destabilizing,neutral,neutral,neutral,neutral,neutral,neutral,uncertain,Stability
R175A,,neutral,neutral,,neutral,,uncertain,,uncertain,neutral,neutral,neutral,neutral,neutral,neutral,damaging,Long Range
R175C,neutral,neutral,neutral,neutral,neutral,uncertain,uncertain,uncertain,uncertain,neutral,neutral,neutral,neutral,neutral,neutral,damaging,Long Range
R175D,,uncertain,neutral,,neutral,,neutral,,neutral,neutral,neutral,neutral,neutral,neutral,neutral,damaging,Long Range
R175E,,uncertain,neutral,,neutral,,neutral,,neutral,neutral,neutral,neutral,neutral,neutral,neutral,damaging,Long Range
R175F,,uncertain,neutral,,neutral,,uncertain,,destabilizing,neutral,neutral,neutral,neutral,neutral,neutral,neutral,Stability
R175G,uncertain,uncertain,neutral,neutral,neutral,uncertain,uncertain,uncertain,uncertain,neutral,neutral,neutral,neutral,neutral,neutral,damaging,Long Range
R175H,uncertain,uncertain,neutral,uncertain,uncertain,uncertain,uncertain,destabilizing,destabilizing,neutral,neutral,neutral,neutral,neutral,neutral,damaging,"Stability, Long Range"
R175I,,neutral,neutral,,neutral,,neutral,,neutral,neutral,neutral,neutral,neutral,neutral,neutral,damaging,Long Range
R175L,neutral,neutral,neutral,neutral,neutral,uncertain,uncertain,neutral,neutral,neutral,neutral,neutral,neutral,neutral,neutral,damaging,Long Range
R175M,,neutral,neutral,,neutral,,uncertain,,neutral,neutral,neutral,neutral,neutral,neutral,neutral,damaging,Long Range
R175N,,neutral,neutral,,neutral,,uncertain,,neutral,neutral,neutral,neutral,neutral,neutral,neutral,damaging,Long Range
R175P,neutral,uncertain,neutral,neutral,neutral,uncertain,uncertain,neutral,neutral,neutral,neutral,neutral,neutral,neutral,neutral,damaging,Long Range
R175Q,,neutral,neutral,,neutral,,neutral,,neutral,neutral,neutral,neutral,neutral,neutral,neutral,damaging,Long Range
R175S,neutral,uncertain,neutral,neutral,neutral,uncertain,uncertain,uncertain,uncertain,neutral,neutral,neutral,neutral,neutral,neutral,damaging,Long Range
R175T,,neutral,neutral,,neutral,,uncertain,,neutral,neutral,neutral,neutral,neutral,neutral,neutral,damaging,Long Range
R175V,,neutral,neutral,,neutral,,uncertain,,neutral,neutral,neutral,neutral,neutral,neutral,neutral,damaging,Long Range
R175W,,uncertain,neutral,,uncertain,,uncertain,,destabilizing,neutral,neutral,neutral,neutral,neutral,neutral,neutral,Stability
R175Y,,uncertain,neutral,,uncertain,,uncertain,,destabilizing,neutral,neutral,neutral,neutral,neutral,neutral,neutral,Stability
C176F,neutral,neutral,neutral,neutral,neutral,destabilizing,uncertain,destabilizing,destabilizing,neutral,neutral,neutral,neutral,neutral,neutral,neutral,Stability
C176H,,uncertain,neutral,,neutral,,uncertain,,destabilizing,neutral,neutral,neutral,neutral,neutral,neutral,neutral,Stability
C176I,,neutral,neutral,,neutral,,uncertain,,destabilizing,neutral,neutral,neutral,neutral,neutral,neutral,neutral,Stability
C176K,,neutral,neutral,,neutral,,uncertain,,destabilizing,neutral,neutral,neutral,neutral,neutral,neutral,neutral,Stability
C176L,neutral,neutral,neutral,neutral,neutral,uncertain,uncertain,destabilizing,destabilizing,neutral,neutral,neutral,neutral,neutral,neutral,neutral,Stability
C176M,,neutral,neutral,,neutral,,uncertain,,destabilizing,neutral,neutral,neutral,neutral,neutral,neutral,neutral,Stability
C176N,,neutral,neutral,,neutral,,uncertain,,destabilizing,neutral,neutral,neutral,neutral,neutral,neutral,neutral,Stability
C176P,,neutral,neutral,,neutral,,uncertain,,destabilizing,neutral,neutral,neutral,neutral,neutral,neutral,uncertain,Stability
C176Q,,neutral,neutral,,neutral,,uncertain,,destabilizing,neutral,neutral,neutral,neutral,neutral,neutral,neutral,Stability
C176R,neutral,neutral,neutral,neutral,neutral,uncertain,uncertain,destabilizing,destabilizing,neutral,neutral,neutral,neutral,neutral,neutral,neutral,Stability
C176V,neutral,neutral,neutral,neutral,neutral,uncertain,uncertain,destabilizing,destabilizing,neutral,neutral,neutral,neutral,neutral,neutral,neutral,Stability
C176W,uncertain,uncertain,neutral,neutral,neutral,uncertain,uncertain,destabilizing,destabilizing,neutral,neutral,neutral,neutral,neutral,neutral,neutral,Stability
C176Y,uncertain,uncertain,neutral,neutral,neutral,uncertain,uncertain,destabilizing,destabilizing,neutral,neutral,neutral,neutral,neutral,neutral,neutral,Stability
H178P,uncertain,neutral,neutral,neutral,neutral,uncertain,uncertain,destabilizing,uncertain,neutral,neutral,neutral,neutral,neutral,neutral,uncertain,Stability
H179A,,neutral,neutral,,neutral,,neutral,,neutral,neutral,neutral,neutral,neutral,neutral,neutral,damaging,Long Range
H179C,,neutral,neutral,,neutral,,uncertain,,uncertain,neutral,neutral,neutral,neutral,neutral,neutral,damaging,Long Range
H179D,neutral,neutral,uncertain,neutral,neutral,uncertain,uncertain,uncertain,neutral,neutral,neutral,neutral,neutral,neutral,neutral,damaging,Long Range
H179E,,neutral,neutral,,neutral,,uncertain,,neutral,neutral,neutral,neutral,neutral,neutral,neutral,damaging,Long Range
H179F,,neutral,neutral,,neutral,,uncertain,,destabilizing,neutral,neutral,neutral,neutral,neutral,neutral,damaging,"Stability, Long Range"
H179G,,neutral,uncertain,,neutral,,neutral,,neutral,neutral,neutral,neutral,neutral,neutral,neutral,damaging,Long Range
H179I,,neutral,neutral,,neutral,,uncertain,,uncertain,neutral,neutral,neutral,neutral,neutral,neutral,damaging,Long Range
H179K,,neutral,neutral,,neutral,,uncertain,,uncertain,neutral,neutral,neutral,neutral,neutral,neutral,damaging,Long Range
H179L,neutral,neutral,neutral,neutral,neutral,uncertain,uncertain,neutral,neutral,neutral,neutral,neutral,neutral,neutral,neutral,damaging,Long Range
H179M,,neutral,neutral,,neutral,,neutral,,neutral,neutral,neutral,neutral,neutral,neutral,neutral,damaging,Long Range
H179N,neutral,neutral,neutral,neutral,neutral,neutral,neutral,neutral,neutral,neutral,neutral,neutral,neutral,neutral,neutral,damaging,Long Range
H179P,uncertain,uncertain,neutral,uncertain,neutral,destabilizing,destabilizing,destabilizing,destabilizing,neutral,neutral,neutral,neutral,neutral,neutral,damaging,"Stability, Long Range"
H179R,neutral,neutral,neutral,neutral,neutral,uncertain,uncertain,destabilizing,uncertain,neutral,neutral,neutral,neutral,neutral,neutral,damaging,"Stability, Long Range"
H179S,,neutral,neutral,,neutral,,neutral,,neutral,neutral,neutral,neutral,neutral,neutral,neutral,damaging,Long Range
H179T,,neutral,uncertain,,neutral,,uncertain,,neutral,neutral,neutral,neutral,neutral,neutral,neutral,damaging,Long Range
H179V,,neutral,neutral,,neutral,,uncertain,,uncertain,neutral,neutral,neutral,neutral,neutral,neutral,damaging,Long Range
H179W,,neutral,neutral,,neutral,,uncertain,,destabilizing,neutral,neutral,neutral,neutral,neutral,neutral,damaging,"Stability, Long Range"
H179Y,neutral,neutral,neutral,neutral,neutral,uncertain,uncertain,destabilizing,destabilizing,neutral,neutral,neutral,neutral,neutral,neutral,damaging,"Stability, Long Range"
E180P,,destabilizing,uncertain,,destabilizing,,destabilizing,,destabilizing,neutral,neutral,neutral,neutral,neutral,neutral,uncertain,Stability
R181P,destabilizing,destabilizing,neutral,destabilizing,destabilizing,uncertain,uncertain,destabilizing,destabilizing,neutral,neutral,neutral,neutral,neutral,neutral,uncertain,Stability
C182P,,destabilizing,uncertain,,destabilizing,,destabilizing,,destabilizing,neutral,neutral,neutral,neutral,neutral,neutral,uncertain,Stability
D186F,,neutral,neutral,,neutral,,neutral,,neutral,neutral,neutral,neutral,neutral,neutral,neutral,damaging,Long Range
D186I,,neutral,neutral,,neutral,,neutral,,neutral,neutral,neutral,neutral,neutral,neutral,neutral,damaging,Long Range
D186K,,neutral,neutral,,neutral,,neutral,,neutral,neutral,neutral,neutral,neutral,neutral,neutral,damaging,Long Range
D186L,,neutral,neutral,,neutral,,neutral,,neutral,neutral,neutral,neutral,neutral,neutral,neutral,damaging,Long Range
D186P,,uncertain,neutral,,neutral,,uncertain,,destabilizing,neutral,neutral,neutral,neutral,neutral,neutral,uncertain,Stability
D186R,,neutral,neutral,,neutral,,neutral,,neutral,neutral,neutral,neutral,neutral,neutral,neutral,damaging,Long Range
D186V,uncertain,neutral,neutral,neutral,neutral,neutral,neutral,neutral,neutral,neutral,neutral,neutral,neutral,neutral,neutral,damaging,Long Range
D186W,,neutral,neutral,,neutral,,neutral,,neutral,neutral,neutral,neutral,neutral,neutral,neutral,damaging,Long Range
G187P,,destabilizing,uncertain,,destabilizing,,destabilizing,,destabilizing,neutral,neutral,neutral,neutral,neutral,neutral,uncertain,Stability
A189F,,uncertain,uncertain,,uncertain,,uncertain,,destabilizing,neutral,neutral,neutral,neutral,neutral,neutral,neutral,Stability
A189G,neutral,neutral,uncertain,neutral,neutral,uncertain,neutral,neutral,neutral,neutral,neutral,neutral,neutral,neutral,neutral,damaging,Long Range
A189H,,uncertain,neutral,,destabilizing,,uncertain,,destabilizing,neutral,neutral,neutral,neutral,neutral,neutral,neutral,Stability
A189K,,destabilizing,uncertain,,destabilizing,,uncertain,,uncertain,neutral,neutral,neutral,neutral,neutral,neutral,neutral,Stability
A189P,uncertain,uncertain,neutral,uncertain,neutral,uncertain,uncertain,destabilizing,destabilizing,neutral,neutral,neutral,neutral,neutral,neutral,neutral,Stability
A189R,,uncertain,uncertain,,destabilizing,,uncertain,,destabilizing,neutral,neutral,neutral,neutral,neutral,neutral,neutral,Stability
A189W,,uncertain,uncertain,,destabilizing,,uncertain,,destabilizing,neutral,neutral,neutral,neutral,neutral,neutral,neutral,Stability
A189Y,,uncertain,neutral,,uncertain,,uncertain,,destabilizing,neutral,neutral,neutral,neutral,neutral,neutral,neutral,Stability
P190E,,uncertain,uncertain,,neutral,,uncertain,,neutral,neutral,neutral,neutral,neutral,neutral,neutral,damaging,Long Range
P190F,uncertain,uncertain,uncertain,neutral,neutral,destabilizing,uncertain,destabilizing,neutral,neutral,neutral,neutral,neutral,neutral,neutral,damaging,"Stability, Long Range"
P190G,,uncertain,uncertain,,neutral,,neutral,,neutral,neutral,neutral,neutral,neutral,neutral,neutral,damaging,Long Range
P190I,,uncertain,uncertain,,neutral,,uncertain,,uncertain,neutral,neutral,neutral,neutral,neutral,neutral,damaging,Long Range
P190K,,uncertain,uncertain,,neutral,,uncertain,,neutral,neutral,neutral,neutral,neutral,neutral,neutral,damaging,Long Range
P190L,neutral,neutral,uncertain,neutral,neutral,uncertain,uncertain,neutral,neutral,neutral,neutral,neutral,neutral,neutral,neutral,damaging,Long Range
P190M,,neutral,uncertain,,neutral,,neutral,,neutral,neutral,neutral,neutral,neutral,neutral,neutral,damaging,Long Range
P190R,neutral,neutral,uncertain,neutral,neutral,destabilizing,uncertain,destabilizing,neutral,neutral,neutral,neutral,neutral,neutral,neutral,damaging,"Stability, Long Range"
P190V,,uncertain,uncertain,,neutral,,uncertain,,neutral,neutral,neutral,neutral,neutral,neutral,neutral,damaging,Long Range
P190W,,uncertain,uncertain,,neutral,,uncertain,,destabilizing,neutral,neutral,neutral,neutral,neutral,neutral,damaging,"Stability, Long Range"
P190Y,,uncertain,uncertain,,neutral,,uncertain,,uncertain,neutral,neutral,neutral,neutral,neutral,neutral,damaging,Long Range
H193A,,neutral,uncertain,,neutral,,uncertain,,neutral,neutral,neutral,neutral,neutral,neutral,neutral,damaging,Long Range
H193C,,neutral,neutral,,neutral,,uncertain,,neutral,neutral,neutral,neutral,neutral,neutral,neutral,damaging,Long Range
H193D,uncertain,uncertain,uncertain,neutral,neutral,uncertain,uncertain,neutral,neutral,neutral,neutral,neutral,neutral,neutral,neutral,damaging,Long Range
H193E,,uncertain,uncertain,,neutral,,neutral,,neutral,neutral,neutral,neutral,neutral,neutral,neutral,damaging,Long Range
H193F,,neutral,neutral,,neutral,,neutral,,neutral,neutral,neutral,neutral,neutral,neutral,neutral,damaging,Long Range
H193G,,uncertain,uncertain,,uncertain,,uncertain,,neutral,neutral,neutral,neutral,neutral,neutral,neutral,damaging,Long Range
H193I,,neutral,uncertain,,neutral,,neutral,,neutral,neutral,neutral,neutral,neutral,neutral,neutral,damaging,Long Range
H193K,,uncertain,uncertain,,neutral,,neutral,,neutral,neutral,neutral,neutral,neutral,neutral,neutral,damaging,Long Range
H193L,neutral,neutral,uncertain,neutral,neutral,neutral,neutral,neutral,neutral,neutral,neutral,neutral,neutral,neutral,neutral,damaging,Long Range
H193M,,neutral,uncertain,,neutral,,uncertain,,neutral,neutral,neutral,neutral,neutral,neutral,neutral,damaging,Long Range
H193N,neutral,neutral,neutral,neutral,neutral,uncertain,uncertain,neutral,neutral,neutral,neutral,neutral,neutral,neutral,neutral,damaging,Long Range
H193P,uncertain,uncertain,uncertain,destabilizing,destabilizing,destabilizing,destabilizing,destabilizing,destabilizing,neutral,neutral,neutral,neutral,neutral,neutral,damaging,"Stability, Long Range"
H193Q,neutral,neutral,uncertain,neutral,neutral,neutral,neutral,neutral,neutral,neutral,neutral,neutral,neutral,neutral,neutral,damaging,Long Range
H193R,uncertain,uncertain,uncertain,uncertain,uncertain,destabilizing,uncertain,destabilizing,uncertain,neutral,neutral,neutral,neutral,neutral,neutral,damaging,"Stability, Long Range"
H193S,,uncertain,uncertain,,neutral,,uncertain,,neutral,neutral,neutral,neutral,neutral,neutral,neutral,damaging,Long Range
H193T,,neutral,uncertain,,neutral,,neutral,,neutral,neutral,neutral,neutral,neutral,neutral,neutral,damaging,Long Range
H193V,,neutral,neutral,,neutral,,neutral,,neutral,neutral,neutral,neutral,neutral,neutral,neutral,damaging,Long Range
H193W,,uncertain,neutral,,uncertain,,uncertain,,destabilizing,neutral,neutral,neutral,neutral,neutral,neutral,damaging,"Stability, Long Range"
H193Y,uncertain,uncertain,neutral,neutral,neutral,uncertain,uncertain,destabilizing,uncertain,neutral,neutral,neutral,neutral,neutral,neutral,damaging,"Stability, Long Range"
L194D,,destabilizing,uncertain,,destabilizing,,uncertain,,uncertain,neutral,neutral,neutral,neutral,neutral,neutral,uncertain,Stability
L194F,uncertain,uncertain,neutral,uncertain,neutral,destabilizing,uncertain,destabilizing,destabilizing,neutral,neutral,neutral,neutral,neutral,neutral,neutral,Stability
L194G,,destabilizing,uncertain,,destabilizing,,uncertain,,neutral,neutral,neutral,neutral,neutral,neutral,neutral,uncertain,Stability
L194H,uncertain,uncertain,uncertain,uncertain,uncertain,destabilizing,uncertain,destabilizing,destabilizing,neutral,neutral,neutral,neutral,neutral,neutral,uncertain,Stability
L194K,,destabilizing,uncertain,,destabilizing,,destabilizing,,destabilizing,neutral,neutral,neutral,neutral,neutral,neutral,uncertain,Stability
L194N,,uncertain,uncertain,,destabilizing,,uncertain,,uncertain,neutral,neutral,neutral,neutral,neutral,neutral,uncertain,Stability
L194P,uncertain,uncertain,uncertain,uncertain,destabilizing,uncertain,uncertain,destabilizing,destabilizing,neutral,neutral,neutral,neutral,neutral,neutral,uncertain,Stability
L194R,destabilizing,uncertain,uncertain,destabilizing,destabilizing,destabilizing,uncertain,destabilizing,destabilizing,neutral,neutral,neutral,neutral,neutral,neutral,neutral,Stability
L194S,,destabilizing,uncertain,,destabilizing,,uncertain,,uncertain,neutral,neutral,neutral,neutral,neutral,neutral,uncertain,Stability
L194W,,uncertain,neutral,,uncertain,,uncertain,,destabilizing,neutral,neutral,neutral,neutral,neutral,neutral,neutral,Stability
L194Y,,uncertain,neutral,,uncertain,,uncertain,,destabilizing,neutral,neutral,neutral,neutral,neutral,neutral,neutral,Stability
I195A,,uncertain,destabilizing,,destabilizing,,uncertain,,neutral,neutral,neutral,neutral,neutral,neutral,neutral,neutral,Stability
I195D,,destabilizing,destabilizing,,destabilizing,,uncertain,,uncertain,neutral,neutral,neutral,neutral,neutral,neutral,neutral,Stability
I195E,,destabilizing,destabilizing,,destabilizing,,uncertain,,uncertain,neutral,neutral,neutral,neutral,neutral,neutral,neutral,Stability
I195F,uncertain,uncertain,uncertain,uncertain,uncertain,uncertain,uncertain,destabilizing,uncertain,neutral,neutral,neutral,neutral,neutral,neutral,damaging,"Stability, Long Range"
I195G,,destabilizing,destabilizing,,destabilizing,,uncertain,,uncertain,neutral,neutral,neutral,neutral,neutral,neutral,neutral,Stability
I195H,,uncertain,destabilizing,,destabilizing,,uncertain,,destabilizing,neutral,neutral,neutral,neutral,neutral,neutral,neutral,Stability
I195K,destabilizing,destabilizing,destabilizing,destabilizing,destabilizing,uncertain,uncertain,destabilizing,destabilizing,neutral,neutral,neutral,neutral,neutral,neutral,uncertain,Stability
I195N,uncertain,uncertain,destabilizing,destabilizing,uncertain,uncertain,uncertain,uncertain,uncertain,neutral,neutral,neutral,neutral,neutral,neutral,neutral,Stability
I195P,,destabilizing,destabilizing,,destabilizing,,uncertain,,destabilizing,neutral,neutral,neutral,neutral,neutral,neutral,neutral,Stability
I195Q,,uncertain,destabilizing,,uncertain,,uncertain,,neutral,neutral,neutral,neutral,neutral,neutral,neutral,neutral,Stability
I195R,,destabilizing,destabilizing,,destabilizing,,uncertain,,destabilizing,neutral,neutral,neutral,neutral,neutral,neutral,damaging,"Stability, Long Range"
I195S,destabilizing,destabilizing,destabilizing,destabilizing,destabilizing,uncertain,uncertain,destabilizing,uncertain,neutral,neutral,neutral,neutral,neutral,neutral,neutral,Stability
I195T,uncertain,uncertain,destabilizing,uncertain,uncertain,uncertain,uncertain,uncertain,neutral,neutral,neutral,neutral,neutral,neutral,neutral,neutral,Stability
I195W,,uncertain,uncertain,,destabilizing,,uncertain,,destabilizing,neutral,neutral,neutral,neutral,neutral,neutral,damaging,"Stability, Long Range"
I195Y,,uncertain,uncertain,,destabilizing,,uncertain,,destabilizing,neutral,neutral,neutral,neutral,neutral,neutral,damaging,"Stability, Long Range"
R196A,,neutral,neutral,,neutral,,neutral,,neutral,neutral,neutral,neutral,neutral,neutral,neutral,damaging,Long Range
R196C,,uncertain,neutral,,neutral,,neutral,,neutral,neutral,neutral,neutral,neutral,neutral,neutral,damaging,Long Range
R196D,,uncertain,neutral,,uncertain,,uncertain,,uncertain,neutral,neutral,neutral,neutral,neutral,neutral,damaging,Long Range
R196E,,uncertain,neutral,,neutral,,uncertain,,neutral,neutral,neutral,neutral,neutral,neutral,neutral,damaging,Long Range
R196F,,neutral,neutral,,neutral,,uncertain,,uncertain,neutral,neutral,neutral,neutral,neutral,neutral,damaging,Long Range
R196G,uncertain,uncertain,neutral,uncertain,uncertain,uncertain,uncertain,neutral,neutral,neutral,neutral,neutral,neutral,neutral,neutral,damaging,Long Range
R196H,,neutral,neutral,,neutral,,uncertain,,destabilizing,neutral,neutral,neutral,neutral,neutral,neutral,damaging,"Stability, Long Range"
R196I,,neutral,neutral,,neutral,,neutral,,neutral,neutral,neutral,neutral,neutral,neutral,neutral,damaging,Long Range
R196L,neutral,neutral,neutral,neutral,neutral,neutral,neutral,neutral,neutral,neutral,neutral,neutral,neutral,neutral,neutral,damaging,Long Range
R196M,,neutral,neutral,,neutral,,neutral,,neutral,neutral,neutral,neutral,neutral,neutral,neutral,damaging,Long Range
R196N,,neutral,neutral,,neutral,,neutral,,neutral,neutral,neutral,neutral,neutral,neutral,neutral,damaging,Long Range
R196P,destabilizing,destabilizing,uncertain,destabilizing,destabilizing,destabilizing,destabilizing,destabilizing,destabilizing,neutral,neutral,neutral,neutral,neutral,neutral,damaging,"Stability, Long Range"
R196Q,neutral,neutral,neutral,neutral,neutral,neutral,neutral,neutral,neutral,neutral,neutral,neutral,neutral,neutral,neutral,damaging,Long Range
R196S,,uncertain,neutral,,neutral,,uncertain,,neutral,neutral,neutral,neutral,neutral,neutral,neutral,damaging,Long Range
R196T,,neutral,neutral,,neutral,,neutral,,neutral,neutral,neutral,neutral,neutral,neutral,neutral,damaging,Long Range
R196V,,neutral,neutral,,neutral,,neutral,,neutral,neutral,neutral,neutral,neutral,neutral,neutral,damaging,Long Range
R196W,,neutral,neutral,,neutral,,uncertain,,uncertain,neutral,neutral,neutral,neutral,neutral,neutral,damaging,Long Range
R196Y,,neutral,neutral,,neutral,,uncertain,,destabilizing,neutral,neutral,neutral,neutral,neutral,neutral,damaging,"Stability, Long Range"
V197A,uncertain,uncertain,uncertain,destabilizing,destabilizing,uncertain,neutral,neutral,neutral,neutral,neutral,neutral,neutral,neutral,neutral,damaging,"Stability, Long Range"
V197C,,uncertain,uncertain,,uncertain,,neutral,,neutral,neutral,neutral,neutral,neutral,neutral,neutral,damaging,Long Range
V197D,,destabilizing,destabilizing,,destabilizing,,uncertain,,uncertain,neutral,neutral,neutral,neutral,neutral,neutral,damaging,"Stability, Long Range"
V197E,destabilizing,destabilizing,destabilizing,destabilizing,destabilizing,destabilizing,uncertain,destabilizing,destabilizing,neutral,neutral,neutral,neutral,neutral,neutral,uncertain,Stability
V197F,,uncertain,uncertain,,destabilizing,,uncertain,,destabilizing,neutral,neutral,neutral,neutral,neutral,neutral,damaging,"Stability, Long Range"
V197G,destabilizing,destabilizing,destabilizing,destabilizing,destabilizing,uncertain,uncertain,uncertain,neutral,neutral,neutral,neutral,neutral,neutral,neutral,damaging,"Stability, Long Range"
V197H,,destabilizing,destabilizing,,destabilizing,,uncertain,,destabilizing,neutral,neutral,neutral,neutral,neutral,neutral,damaging,"Stability, Long Range"
V197K,,destabilizing,destabilizing,,destabilizing,,destabilizing,,destabilizing,neutral,neutral,neutral,neutral,neutral,neutral,damaging,"Stability, Long Range"
V197N,,destabilizing,destabilizing,,destabilizing,,neutral,,neutral,neutral,neutral,neutral,neutral,neutral,neutral,damaging,"Stability, Long Range"
V197P,,destabilizing,destabilizing,,destabilizing,,uncertain,,destabilizing,neutral,neutral,neutral,neutral,neutral,neutral,damaging,"Stability, Long Range"
V197Q,,destabilizing,destabilizing,,destabilizing,,uncertain,,uncertain,neutral,neutral,neutral,neutral,neutral,neutral,uncertain,Stability
V197R,destabilizing,destabilizing,destabilizing,destabilizing,destabilizing,destabilizing,uncertain,destabilizing,destabilizing,neutral,neutral,neutral,neutral,neutral,neutral,damaging,"Stability, Long Range"
V197S,,destabilizing,destabilizing,,destabilizing,,uncertain,,neutral,neutral,neutral,neutral,neutral,neutral,neutral,damaging,"Stability, Long Range"
V197T,,uncertain,uncertain,,uncertain,,neutral,,neutral,neutral,neutral,neutral,neutral,neutral,neutral,damaging,Long Range
V197W,,destabilizing,destabilizing,,destabilizing,,uncertain,,destabilizing,neutral,neutral,neutral,neutral,neutral,neutral,damaging,"Stability, Long Range"
V197Y,,destabilizing,destabilizing,,destabilizing,,uncertain,,destabilizing,neutral,neutral,neutral,neutral,neutral,neutral,damaging,"Stability, Long Range"
E198A,,neutral,neutral,,neutral,,neutral,,neutral,neutral,neutral,neutral,neutral,neutral,neutral,damaging,Long Range
E198C,,neutral,neutral,,neutral,,neutral,,neutral,neutral,neutral,neutral,neutral,neutral,neutral,damaging,Long Range
E198D,neutral,neutral,neutral,neutral,neutral,neutral,neutral,neutral,neutral,neutral,neutral,neutral,neutral,neutral,neutral,damaging,Long Range
E198F,,neutral,neutral,,neutral,,neutral,,neutral,neutral,neutral,neutral,neutral,neutral,neutral,damaging,Long Range
E198G,neutral,neutral,neutral,neutral,neutral,neutral,neutral,neutral,neutral,neutral,neutral,neutral,neutral,neutral,neutral,damaging,Long Range
E198H,,neutral,neutral,,neutral,,neutral,,neutral,neutral,neutral,neutral,neutral,neutral,neutral,damaging,Long Range
E198I,,neutral,neutral,,neutral,,neutral,,neutral,neutral,neutral,neutral,neutral,neutral,neutral,damaging,Long Range
E198K,neutral,neutral,neutral,neutral,neutral,neutral,neutral,neutral,neutral,neutral,neutral,neutral,neutral,neutral,neutral,damaging,Long Range
E198L,,neutral,neutral,,neutral,,neutral,,neutral,neutral,neutral,neutral,neutral,neutral,neutral,damaging,Long Range
E198M,,neutral,neutral,,neutral,,neutral,,neutral,neutral,neutral,neutral,neutral,neutral,neutral,damaging,Long Range
E198N,,neutral,neutral,,neutral,,neutral,,neutral,neutral,neutral,neutral,neutral,neutral,neutral,damaging,Long Range
E198P,,destabilizing,destabilizing,,destabilizing,,uncertain,,uncertain,neutral,neutral,neutral,neutral,neutral,neutral,damaging,"Stability, Long Range"
E198Q,neutral,neutral,neutral,neutral,neutral,neutral,neutral,neutral,neutral,neutral,neutral,neutral,neutral,neutral,neutral,damaging,Long Range
E198R,,neutral,neutral,,neutral,,neutral,,neutral,neutral,neutral,neutral,neutral,neutral,neutral,damaging,Long Range
E198S,,neutral,neutral,,neutral,,neutral,,neutral,neutral,neutral,neutral,neutral,neutral,neutral,damaging,Long Range
E198T,,neutral,neutral,,neutral,,neutral,,neutral,neutral,neutral,neutral,neutral,neutral,neutral,damaging,Long Range
E198W,,neutral,neutral,,neutral,,neutral,,neutral,neutral,neutral,neutral,neutral,neutral,neutral,damaging,Long Range
E198Y,,neutral,neutral,,neutral,,neutral,,neutral,neutral,neutral,neutral,neutral,neutral,neutral,damaging,Long Range
G199I,destabilizing,uncertain,uncertain,destabilizing,destabilizing,destabilizing,uncertain,destabilizing,destabilizing,neutral,neutral,neutral,neutral,neutral,neutral,uncertain,Stability
G199P,,destabilizing,uncertain,,destabilizing,,destabilizing,,destabilizing,neutral,neutral,neutral,neutral,neutral,neutral,uncertain,Stability
G199T,uncertain,uncertain,uncertain,uncertain,destabilizing,uncertain,uncertain,uncertain,uncertain,neutral,neutral,neutral,neutral,neutral,neutral,uncertain,Stability
G199V,destabilizing,uncertain,uncertain,destabilizing,destabilizing,destabilizing,uncertain,destabilizing,uncertain,neutral,neutral,neutral,neutral,neutral,neutral,uncertain,Stability
N200A,,neutral,neutral,,neutral,,neutral,,neutral,neutral,neutral,neutral,neutral,neutral,neutral,damaging,Long Range
N200C,,neutral,neutral,,neutral,,neutral,,neutral,neutral,neutral,neutral,neutral,neutral,neutral,damaging,Long Range
N200E,,neutral,neutral,,neutral,,neutral,,neutral,neutral,neutral,neutral,neutral,neutral,neutral,damaging,Long Range
N200F,,neutral,neutral,,neutral,,uncertain,,neutral,neutral,neutral,neutral,neutral,neutral,neutral,damaging,Long Range
N200K,neutral,neutral,neutral,neutral,neutral,uncertain,neutral,neutral,neutral,neutral,neutral,neutral,neutral,neutral,neutral,damaging,Long Range
N200L,,neutral,neutral,,neutral,,neutral,,neutral,neutral,neutral,neutral,neutral,neutral,neutral,damaging,Long Range
N200M,,neutral,neutral,,neutral,,neutral,,neutral,neutral,neutral,neutral,neutral,neutral,neutral,damaging,Long Range
N200P,,destabilizing,uncertain,,destabilizing,,uncertain,,destabilizing,neutral,neutral,neutral,neutral,neutral,neutral,uncertain,Stability
N200Q,,neutral,neutral,,neutral,,neutral,,neutral,neutral,neutral,neutral,neutral,neutral,neutral,damaging,Long Range
N200R,,neutral,neutral,,neutral,,neutral,,neutral,neutral,neutral,neutral,neutral,neutral,neutral,damaging,Long Range
N200V,,neutral,neutral,,neutral,,neutral,,neutral,neutral,neutral,neutral,neutral,neutral,neutral,damaging,Long Range
N200W,,neutral,neutral,,neutral,,uncertain,,destabilizing,neutral,neutral,neutral,neutral,neutral,neutral,damaging,"Stability, Long Range"
N200Y,neutral,neutral,neutral,neutral,neutral,uncertain,uncertain,destabilizing,uncertain,neutral,neutral,neutral,neutral,neutral,neutral,damaging,"Stability, Long Range"
V203D,,destabilizing,destabilizing,,destabilizing,,uncertain,,neutral,neutral,neutral,neutral,neutral,neutral,neutral,damaging,"Stability, Long Range"
V203E,destabilizing,destabilizing,destabilizing,destabilizing,destabilizing,uncertain,uncertain,uncertain,neutral,neutral,neutral,neutral,neutral,neutral,neutral,uncertain,Stability
V203F,,uncertain,uncertain,,destabilizing,,neutral,,neutral,neutral,neutral,neutral,neutral,neutral,neutral,damaging,"Stability, Long Range"
V203H,,uncertain,destabilizing,,destabilizing,,neutral,,neutral,neutral,neutral,neutral,neutral,neutral,neutral,damaging,"Stability, Long Range"
V203K,,destabilizing,destabilizing,,destabilizing,,uncertain,,neutral,neutral,neutral,neutral,neutral,neutral,neutral,damaging,"Stability, Long Range"
V203M,uncertain,neutral,uncertain,destabilizing,neutral,uncertain,neutral,neutral,neutral,neutral,neutral,neutral,neutral,neutral,neutral,damaging,"Stability, Long Range"
V203N,,uncertain,destabilizing,,uncertain,,neutral,,neutral,neutral,neutral,neutral,neutral,neutral,neutral,damaging,"Stability, Long Range"
V203P,,destabilizing,uncertain,,destabilizing,,uncertain,,neutral,neutral,neutral,neutral,neutral,neutral,neutral,damaging,"Stability, Long Range"
V203Q,,uncertain,destabilizing,,destabilizing,,neutral,,neutral,neutral,neutral,neutral,neutral,neutral,neutral,uncertain,Stability
V203R,,uncertain,destabilizing,,destabilizing,,neutral,,neutral,neutral,neutral,neutral,neutral,neutral,neutral,damaging,"Stability, Long Range"
V203W,,uncertain,uncertain,,destabilizing,,uncertain,,neutral,neutral,neutral,neutral,neutral,neutral,neutral,damaging,"Stability, Long Range"
V203Y,,uncertain,uncertain,,destabilizing,,neutral,,neutral,neutral,neutral,neutral,neutral,neutral,neutral,damaging,"Stability, Long Range"
E204P,,uncertain,destabilizing,,destabilizing,,destabilizing,,destabilizing,neutral,neutral,neutral,neutral,neutral,neutral,uncertain,Stability
Y205A,,destabilizing,destabilizing,,destabilizing,,uncertain,,neutral,uncertain,,,uncertain,,,damaging,"Stability, Long Range"
Y205C,destabilizing,destabilizing,uncertain,destabilizing,destabilizing,uncertain,uncertain,neutral,neutral,uncertain,,,uncertain,,,damaging,"Stability, Long Range"
Y205D,destabilizing,destabilizing,destabilizing,destabilizing,destabilizing,uncertain,uncertain,neutral,neutral,uncertain,,,uncertain,,,damaging,"Stability, Long Range"
Y205E,,destabilizing,destabilizing,,destabilizing,,uncertain,,neutral,uncertain,,,uncertain,,,damaging,"Stability, Long Range"
Y205G,,destabilizing,destabilizing,,destabilizing,,uncertain,,neutral,uncertain,,,uncertain,,,damaging,"Stability, Long Range"
Y205H,uncertain,uncertain,uncertain,destabilizing,uncertain,uncertain,neutral,neutral,neutral,uncertain,,,uncertain,,,damaging,"Stability, Long Range"
Y205I,,destabilizing,destabilizing,,destabilizing,,uncertain,,neutral,uncertain,,,uncertain,,,damaging,"Stability, Long Range"
Y205K,,destabilizing,destabilizing,,destabilizing,,uncertain,,neutral,uncertain,,,uncertain,,,damaging,"Stability, Long Range"
Y205L,,uncertain,destabilizing,,neutral,,neutral,,neutral,uncertain,,,uncertain,,,damaging,"Stability, Long Range"
Y205M,,uncertain,destabilizing,,neutral,,uncertain,,neutral,uncertain,,,uncertain,,,damaging,"Stability, Long Range"
Y205N,destabilizing,destabilizing,destabilizing,destabilizing,destabilizing,neutral,uncertain,neutral,neutral,uncertain,,,uncertain,,,damaging,"Stability, Long Range"
Y205P,,destabilizing,destabilizing,,destabilizing,,uncertain,,neutral,uncertain,,,uncertain,,,damaging,"Stability, Long Range"
Y205Q,,destabilizing,destabilizing,,destabilizing,,uncertain,,neutral,uncertain,,,uncertain,,,damaging,"Stability, Long Range"
Y205R,,destabilizing,destabilizing,,destabilizing,,uncertain,,neutral,uncertain,,,uncertain,,,damaging,"Stability, Long Range"
Y205S,destabilizing,destabilizing,destabilizing,destabilizing,destabilizing,uncertain,uncertain,neutral,neutral,uncertain,,,uncertain,,,damaging,"Stability, Long Range"
Y205T,,destabilizing,destabilizing,,destabilizing,,uncertain,,neutral,uncertain,,,uncertain,,,damaging,"Stability, Long Range"
Y205V,,destabilizing,destabilizing,,destabilizing,,uncertain,,neutral,uncertain,,,uncertain,,,damaging,"Stability, Long Range"
Y205W,,uncertain,neutral,,neutral,,uncertain,,uncertain,uncertain,,,uncertain,,,damaging,Long Range
D208G,uncertain,uncertain,uncertain,destabilizing,uncertain,uncertain,uncertain,uncertain,neutral,neutral,neutral,neutral,neutral,neutral,neutral,uncertain,Stability
D208I,uncertain,uncertain,uncertain,destabilizing,uncertain,neutral,neutral,neutral,neutral,neutral,neutral,neutral,neutral,neutral,neutral,uncertain,Stability
D208P,,destabilizing,destabilizing,,destabilizing,,uncertain,,destabilizing,neutral,neutral,neutral,neutral,neutral,neutral,uncertain,Stability
D208Y,uncertain,uncertain,uncertain,destabilizing,neutral,neutral,neutral,neutral,neutral,neutral,neutral,neutral,neutral,neutral,neutral,uncertain,Stability
T211C,,neutral,neutral,,neutral,,neutral,,neutral,damaging,damaging,potentially_damaging,damaging,neutral,potentially_damaging,uncertain,PTM
T211D,,neutral,neutral,,neutral,,neutral,,neutral,damaging,damaging,potentially_damaging,damaging,neutral,potentially_damaging,uncertain,PTM
T211E,,neutral,uncertain,,neutral,,neutral,,neutral,damaging,damaging,potentially_damaging,damaging,neutral,potentially_damaging,uncertain,PTM
T211F,,neutral,uncertain,,neutral,,neutral,,neutral,damaging,damaging,potentially_damaging,damaging,neutral,potentially_damaging,uncertain,PTM
T211G,,neutral,uncertain,,neutral,,neutral,,neutral,damaging,damaging,potentially_damaging,damaging,neutral,potentially_damaging,uncertain,PTM
T211H,,neutral,neutral,,neutral,,neutral,,neutral,damaging,damaging,potentially_damaging,damaging,neutral,potentially_damaging,uncertain,PTM
T211I,neutral,neutral,uncertain,neutral,neutral,neutral,neutral,neutral,neutral,damaging,damaging,potentially_damaging,damaging,neutral,potentially_damaging,uncertain,PTM
T211K,,neutral,uncertain,,neutral,,neutral,,neutral,damaging,damaging,potentially_damaging,damaging,neutral,potentially_damaging,uncertain,PTM
T211L,,neutral,uncertain,,neutral,,neutral,,neutral,damaging,damaging,potentially_damaging,damaging,neutral,potentially_damaging,uncertain,PTM
T211M,,neutral,uncertain,,neutral,,neutral,,neutral,damaging,damaging,potentially_damaging,damaging,neutral,potentially_damaging,uncertain,PTM
T211P,uncertain,uncertain,uncertain,destabilizing,destabilizing,uncertain,uncertain,destabilizing,uncertain,damaging,damaging,potentially_damaging,damaging,neutral,potentially_damaging,uncertain,"Stability, PTM"
T211Q,,neutral,uncertain,,neutral,,neutral,,neutral,damaging,damaging,potentially_damaging,damaging,neutral,potentially_damaging,uncertain,PTM
T211R,,neutral,uncertain,,neutral,,neutral,,neutral,damaging,damaging,potentially_damaging,damaging,neutral,potentially_damaging,uncertain,PTM
T211V,,neutral,uncertain,,neutral,,neutral,,neutral,damaging,damaging,potentially_damaging,damaging,neutral,potentially_damaging,uncertain,PTM
T211W,,neutral,uncertain,,neutral,,neutral,,neutral,damaging,damaging,potentially_damaging,damaging,neutral,potentially_damaging,uncertain,PTM
T211Y,,neutral,uncertain,,neutral,,neutral,,neutral,uncertain,damaging,potentially_damaging,uncertain,neutral,potentially_damaging,uncertain,PTM
F212P,,destabilizing,uncertain,,destabilizing,,uncertain,,uncertain,neutral,neutral,neutral,neutral,neutral,neutral,neutral,Stability
R213P,destabilizing,destabilizing,uncertain,destabilizing,destabilizing,destabilizing,destabilizing,destabilizing,destabilizing,neutral,neutral,neutral,neutral,neutral,neutral,uncertain,Stability
S215A,,neutral,neutral,,neutral,,neutral,,neutral,uncertain,damaging,uncertain,uncertain,damaging,uncertain,uncertain,PTM
S215E,,neutral,neutral,,neutral,,neutral,,neutral,uncertain,damaging,uncertain,uncertain,damaging,uncertain,neutral,PTM
S215G,neutral,neutral,neutral,neutral,neutral,neutral,neutral,neutral,neutral,uncertain,damaging,uncertain,uncertain,damaging,uncertain,uncertain,PTM
S215H,,uncertain,neutral,,neutral,,uncertain,,destabilizing,uncertain,neutral,uncertain,uncertain,neutral,uncertain,neutral,Stability
S215I,neutral,neutral,neutral,neutral,neutral,neutral,neutral,neutral,neutral,uncertain,damaging,uncertain,uncertain,damaging,uncertain,neutral,PTM
S215K,neutral,neutral,neutral,neutral,neutral,neutral,neutral,neutral,neutral,uncertain,damaging,uncertain,uncertain,damaging,uncertain,neutral,PTM
S215L,,neutral,neutral,,neutral,,neutral,,neutral,uncertain,damaging,uncertain,uncertain,damaging,uncertain,neutral,PTM
S215N,neutral,neutral,uncertain,neutral,neutral,neutral,neutral,neutral,neutral,uncertain,damaging,uncertain,uncertain,damaging,uncertain,neutral,PTM
S215P,,uncertain,uncertain,,destabilizing,,uncertain,,destabilizing,uncertain,uncertain,uncertain,uncertain,neutral,uncertain,neutral,Stability
S215Q,,neutral,neutral,,neutral,,neutral,,neutral,uncertain,damaging,uncertain,uncertain,damaging,uncertain,neutral,PTM
S215T,neutral,neutral,neutral,neutral,neutral,neutral,neutral,neutral,neutral,neutral,damaging,uncertain,neutral,damaging,uncertain,neutral,PTM
S215V,,neutral,neutral,,neutral,,neutral,,neutral,uncertain,damaging,uncertain,uncertain,damaging,uncertain,neutral,PTM
S215W,,uncertain,neutral,,neutral,,uncertain,,destabilizing,uncertain,neutral,uncertain,uncertain,neutral,uncertain,neutral,Stability
S215Y,,uncertain,neutral,,neutral,,uncertain,,destabilizing,uncertain,uncertain,uncertain,uncertain,neutral,uncertain,neutral,Stability
V216A,uncertain,uncertain,uncertain,uncertain,uncertain,uncertain,neutral,neutral,neutral,neutral,neutral,neutral,neutral,neutral,neutral,damaging,Long Range
V216C,,uncertain,uncertain,,uncertain,,uncertain,,neutral,neutral,neutral,neutral,neutral,neutral,neutral,damaging,Long Range
V216D,,destabilizing,destabilizing,,destabilizing,,uncertain,,destabilizing,neutral,neutral,neutral,neutral,neutral,neutral,damaging,"Stability, Long Range"
V216E,destabilizing,destabilizing,destabilizing,destabilizing,destabilizing,destabilizing,destabilizing,destabilizing,destabilizing,neutral,neutral,neutral,neutral,neutral,neutral,uncertain,Stability
V216F,,uncertain,uncertain,,destabilizing,,uncertain,,destabilizing,neutral,neutral,neutral,neutral,neutral,neutral,neutral,Stability
V216G,destabilizing,destabilizing,destabilizing,destabilizing,destabilizing,uncertain,uncertain,uncertain,uncertain,neutral,neutral,neutral,neutral,neutral,neutral,damaging,"Stability, Long Range"
V216H,,destabilizing,destabilizing,,destabilizing,,uncertain,,destabilizing,neutral,neutral,neutral,neutral,neutral,neutral,neutral,Stability
V216K,,destabilizing,destabilizing,,destabilizing,,destabilizing,,destabilizing,neutral,neutral,neutral,neutral,neutral,neutral,neutral,Stability
V216M,uncertain,uncertain,uncertain,destabilizing,uncertain,uncertain,neutral,uncertain,neutral,neutral,neutral,neutral,neutral,neutral,neutral,neutral,Stability
V216N,,uncertain,destabilizing,,destabilizing,,uncertain,,uncertain,neutral,neutral,neutral,neutral,neutral,neutral,damaging,"Stability, Long Range"
V216P,,destabilizing,destabilizing,,destabilizing,,uncertain,,destabilizing,neutral,neutral,neutral,neutral,neutral,neutral,damaging,"Stability, Long Range"
V216Q,,destabilizing,destabilizing,,destabilizing,,uncertain,,uncertain,neutral,neutral,neutral,neutral,neutral,neutral,uncertain,Stability
V216R,,destabilizing,destabilizing,,destabilizing,,uncertain,,destabilizing,neutral,neutral,neutral,neutral,neutral,neutral,neutral,Stability
V216S,,destabilizing,destabilizing,,destabilizing,,uncertain,,neutral,neutral,neutral,neutral,neutral,neutral,neutral,damaging,"Stability, Long Range"
V216T,,uncertain,uncertain,,uncertain,,uncertain,,neutral,neutral,neutral,neutral,neutral,neutral,neutral,damaging,Long Range
V216W,destabilizing,destabilizing,destabilizing,destabilizing,destabilizing,destabilizing,uncertain,destabilizing,destabilizing,neutral,neutral,neutral,neutral,neutral,neutral,neutral,Stability
V216Y,,destabilizing,destabilizing,,destabilizing,,uncertain,,destabilizing,neutral,neutral,neutral,neutral,neutral,neutral,neutral,Stability
V217D,,uncertain,destabilizing,,uncertain,,uncertain,,neutral,neutral,neutral,neutral,neutral,neutral,neutral,neutral,Stability
V217N,,uncertain,destabilizing,,uncertain,,uncertain,,neutral,neutral,neutral,neutral,neutral,neutral,neutral,neutral,Stability
V217P,,destabilizing,destabilizing,,destabilizing,,destabilizing,,destabilizing,neutral,neutral,neutral,neutral,neutral,neutral,neutral,Stability
V218A,uncertain,uncertain,uncertain,uncertain,uncertain,neutral,neutral,neutral,neutral,neutral,neutral,neutral,neutral,neutral,neutral,damaging,Long Range
V218C,,neutral,neutral,,neutral,,uncertain,,neutral,neutral,neutral,neutral,neutral,neutral,neutral,damaging,Long Range
V218D,,uncertain,destabilizing,,destabilizing,,uncertain,,uncertain,neutral,neutral,neutral,neutral,neutral,neutral,damaging,"Stability, Long Range"
V218E,uncertain,uncertain,destabilizing,uncertain,uncertain,uncertain,uncertain,destabilizing,uncertain,neutral,neutral,neutral,neutral,neutral,neutral,uncertain,Stability
V218F,,neutral,neutral,,neutral,,uncertain,,destabilizing,neutral,neutral,neutral,neutral,neutral,neutral,neutral,Stability
V218G,destabilizing,destabilizing,destabilizing,destabilizing,destabilizing,uncertain,uncertain,destabilizing,uncertain,neutral,neutral,neutral,neutral,neutral,neutral,damaging,"Stability, Long Range"
V218H,,uncertain,destabilizing,,uncertain,,uncertain,,destabilizing,neutral,neutral,neutral,neutral,neutral,neutral,neutral,Stability
V218K,,uncertain,destabilizing,,uncertain,,destabilizing,,destabilizing,neutral,neutral,neutral,neutral,neutral,neutral,neutral,Stability
V218N,,uncertain,destabilizing,,uncertain,,uncertain,,neutral,neutral,neutral,neutral,neutral,neutral,neutral,damaging,"Stability, Long Range"
V218P,,destabilizing,destabilizing,,destabilizing,,uncertain,,destabilizing,neutral,neutral,neutral,neutral,neutral,neutral,damaging,"Stability, Long Range"
V218Q,,neutral,destabilizing,,neutral,,uncertain,,neutral,neutral,neutral,neutral,neutral,neutral,neutral,uncertain,Stability
V218R,,uncertain,destabilizing,,uncertain,,uncertain,,destabilizing,neutral,neutral,neutral,neutral,neutral,neutral,neutral,Stability
V218S,,uncertain,destabilizing,,uncertain,,uncertain,,neutral,neutral,neutral,neutral,neutral,neutral,neutral,damaging,"Stability, Long Range"
V218T,,uncertain,uncertain,,neutral,,uncertain,,neutral,neutral,neutral,neutral,neutral,neutral,neutral,damaging,Long Range
V218W,,uncertain,uncertain,,neutral,,uncertain,,destabilizing,neutral,neutral,neutral,neutral,neutral,neutral,neutral,Stability
V218Y,,uncertain,uncertain,,uncertain,,uncertain,,destabilizing,neutral,neutral,neutral,neutral,neutral,neutral,neutral,Stability
Y220A,,destabilizing,destabilizing,,destabilizing,,uncertain,,neutral,uncertain,neutral,uncertain,damaging,damaging,uncertain,damaging,"Stability, PTM, Long Range"
Y220C,destabilizing,destabilizing,uncertain,destabilizing,destabilizing,neutral,uncertain,neutral,neutral,uncertain,neutral,uncertain,damaging,damaging,uncertain,damaging,"Stability, PTM, Long Range"
Y220D,destabilizing,destabilizing,destabilizing,destabilizing,destabilizing,uncertain,uncertain,neutral,neutral,uncertain,neutral,uncertain,damaging,damaging,uncertain,damaging,"Stability, PTM, Long Range"
Y220E,,destabilizing,destabilizing,,destabilizing,,uncertain,,neutral,uncertain,neutral,uncertain,damaging,damaging,uncertain,damaging,"Stability, PTM, Long Range"
Y220G,,destabilizing,destabilizing,,destabilizing,,uncertain,,neutral,uncertain,neutral,uncertain,damaging,damaging,uncertain,damaging,"Stability, PTM, Long Range"
Y220H,uncertain,uncertain,uncertain,uncertain,uncertain,neutral,neutral,neutral,neutral,uncertain,uncertain,uncertain,damaging,damaging,uncertain,damaging,"PTM, Long Range"
Y220I,,neutral,uncertain,,neutral,,neutral,,neutral,uncertain,damaging,uncertain,damaging,damaging,uncertain,damaging,"PTM, Long Range"
Y220K,,uncertain,destabilizing,,destabilizing,,uncertain,,neutral,uncertain,uncertain,uncertain,damaging,damaging,uncertain,damaging,"Stability, PTM, Long Range"
Y220L,neutral,neutral,uncertain,neutral,neutral,uncertain,neutral,neutral,neutral,uncertain,damaging,uncertain,damaging,damaging,uncertain,damaging,"PTM, Long Range"
Y220M,,neutral,uncertain,,neutral,,neutral,,neutral,uncertain,damaging,uncertain,damaging,damaging,uncertain,damaging,"PTM, Long Range"
Y220N,uncertain,destabilizing,destabilizing,destabilizing,destabilizing,neutral,uncertain,neutral,neutral,uncertain,neutral,uncertain,damaging,damaging,uncertain,damaging,"Stability, PTM, Long Range"
Y220P,,destabilizing,destabilizing,,destabilizing,,uncertain,,destabilizing,uncertain,neutral,uncertain,damaging,uncertain,uncertain,damaging,"Stability, PTM, Long Range"
Y220Q,,uncertain,destabilizing,,uncertain,,uncertain,,neutral,uncertain,uncertain,uncertain,damaging,damaging,uncertain,damaging,"Stability, PTM, Long Range"
Y220R,,uncertain,destabilizing,,uncertain,,uncertain,,neutral,uncertain,uncertain,uncertain,damaging,damaging,uncertain,damaging,"Stability, PTM, Long Range"
Y220S,destabilizing,destabilizing,destabilizing,destabilizing,destabilizing,uncertain,uncertain,neutral,neutral,uncertain,neutral,uncertain,uncertain,damaging,uncertain,damaging,"Stability, PTM, Long Range"
Y220T,,destabilizing,destabilizing,,destabilizing,,uncertain,,neutral,uncertain,neutral,uncertain,uncertain,damaging,uncertain,damaging,"Stability, PTM, Long Range"
Y220V,,uncertain,uncertain,,uncertain,,neutral,,neutral,uncertain,uncertain,uncertain,damaging,damaging,uncertain,damaging,"PTM, Long Range"
Y220W,,neutral,neutral,,neutral,,uncertain,,neutral,uncertain,damaging,uncertain,damaging,uncertain,uncertain,neutral,PTM
P222W,,uncertain,neutral,,neutral,,uncertain,,destabilizing,neutral,neutral,neutral,neutral,neutral,neutral,damaging,"Stability, Long Range"
P223E,,uncertain,uncertain,,neutral,,uncertain,,destabilizing,neutral,neutral,neutral,neutral,neutral,neutral,neutral,Stability
P223F,,neutral,uncertain,,neutral,,uncertain,,destabilizing,neutral,neutral,neutral,neutral,neutral,neutral,neutral,Stability
P223H,uncertain,uncertain,uncertain,uncertain,neutral,uncertain,uncertain,destabilizing,destabilizing,neutral,neutral,neutral,neutral,neutral,neutral,neutral,Stability
P223I,,uncertain,uncertain,,neutral,,uncertain,,destabilizing,neutral,neutral,neutral,neutral,neutral,neutral,neutral,Stability
P223K,,neutral,uncertain,,neutral,,uncertain,,destabilizing,neutral,neutral,neutral,neutral,neutral,neutral,neutral,Stability
P223Q,,uncertain,uncertain,,neutral,,uncertain,,destabilizing,neutral,neutral,neutral,neutral,neutral,neutral,neutral,Stability
P223R,neutral,neutral,uncertain,neutral,neutral,uncertain,uncertain,destabilizing,destabilizing,neutral,neutral,neutral,neutral,neutral,neutral,neutral,Stability
P223W,,uncertain,uncertain,,neutral,,uncertain,,destabilizing,neutral,neutral,neutral,neutral,neutral,neutral,neutral,Stability
P223Y,,neutral,uncertain,,neutral,,uncertain,,destabilizing,neutral,neutral,neutral,neutral,neutral,neutral,neutral,Stability
G226I,,uncertain,uncertain,,destabilizing,,uncertain,,uncertain,neutral,neutral,neutral,neutral,neutral,neutral,uncertain,Stability
G226P,,destabilizing,uncertain,,destabilizing,,destabilizing,,destabilizing,neutral,neutral,neutral,neutral,neutral,neutral,uncertain,Stability
G226T,,uncertain,uncertain,,destabilizing,,uncertain,,uncertain,neutral,neutral,neutral,neutral,neutral,neutral,uncertain,Stability
G226V,destabilizing,uncertain,uncertain,destabilizing,destabilizing,destabilizing,uncertain,destabilizing,uncertain,neutral,neutral,neutral,neutral,neutral,neutral,uncertain,Stability
C229P,,uncertain,uncertain,,destabilizing,,uncertain,,neutral,neutral,neutral,neutral,neutral,neutral,neutral,uncertain,Stability
T230H,,neutral,neutral,,neutral,,uncertain,,destabilizing,uncertain,,,uncertain,,,neutral,Stability
T230P,uncertain,uncertain,uncertain,neutral,neutral,neutral,uncertain,neutral,destabilizing,uncertain,,,uncertain,,,uncertain,Stability
T230W,,neutral,neutral,,neutral,,uncertain,,destabilizing,uncertain,,,uncertain,,,neutral,Stability
T230Y,,neutral,neutral,,neutral,,uncertain,,destabilizing,uncertain,,,uncertain,,,neutral,Stability
I232A,,destabilizing,destabilizing,,destabilizing,,uncertain,,neutral,neutral,neutral,neutral,neutral,neutral,neutral,damaging,"Stability, Long Range"
I232C,,uncertain,uncertain,,uncertain,,uncertain,,neutral,neutral,neutral,neutral,neutral,neutral,neutral,damaging,Long Range
I232D,,destabilizing,destabilizing,,destabilizing,,uncertain,,destabilizing,neutral,neutral,neutral,neutral,neutral,neutral,damaging,"Stability, Long Range"
I232E,,uncertain,destabilizing,,destabilizing,,uncertain,,uncertain,neutral,neutral,neutral,neutral,neutral,neutral,damaging,"Stability, Long Range"
I232G,,destabilizing,destabilizing,,destabilizing,,uncertain,,destabilizing,neutral,neutral,neutral,neutral,neutral,neutral,damaging,"Stability, Long Range"
I232H,,uncertain,destabilizing,,uncertain,,uncertain,,destabilizing,neutral,neutral,neutral,neutral,neutral,neutral,damaging,"Stability, Long Range"
I232K,,uncertain,destabilizing,,destabilizing,,uncertain,,destabilizing,neutral,neutral,neutral,neutral,neutral,neutral,uncertain,Stability
I232N,uncertain,uncertain,destabilizing,uncertain,destabilizing,uncertain,uncertain,neutral,uncertain,neutral,neutral,neutral,neutral,neutral,neutral,damaging,"Stability, Long Range"
I232P,,destabilizing,destabilizing,,destabilizing,,destabilizing,,destabilizing,neutral,neutral,neutral,neutral,neutral,neutral,damaging,"Stability, Long Range"
I232Q,,uncertain,destabilizing,,uncertain,,uncertain,,uncertain,neutral,neutral,neutral,neutral,neutral,neutral,damaging,"Stability, Long Range"
I232R,,uncertain,destabilizing,,destabilizing,,destabilizing,,destabilizing,neutral,neutral,neutral,neutral,neutral,neutral,damaging,"Stability, Long Range"
I232S,destabilizing,destabilizing,destabilizing,destabilizing,destabilizing,uncertain,uncertain,uncertain,uncertain,neutral,neutral,neutral,neutral,neutral,neutral,damaging,"Stability, Long Range"
I232W,,uncertain,uncertain,,uncertain,,uncertain,,destabilizing,neutral,neutral,neutral,neutral,neutral,neutral,damaging,"Stability, Long Range"
I232Y,,uncertain,uncertain,,neutral,,uncertain,,destabilizing,neutral,neutral,neutral,neutral,neutral,neutral,damaging,"Stability, Long Range"
H233P,neutral,uncertain,uncertain,neutral,neutral,uncertain,uncertain,destabilizing,uncertain,neutral,neutral,neutral,neutral,neutral,neutral,uncertain,Stability
Y234A,,destabilizing,uncertain,,destabilizing,,uncertain,,neutral,uncertain,,,uncertain,,,damaging,"Stability, Long Range"
Y234C,destabilizing,destabilizing,neutral,destabilizing,destabilizing,uncertain,uncertain,neutral,neutral,uncertain,,,uncertain,,,damaging,"Stability, Long Range"
Y234D,destabilizing,destabilizing,destabilizing,destabilizing,destabilizing,uncertain,uncertain,uncertain,uncertain,uncertain,,,uncertain,,,damaging,"Stability, Long Range"
Y234E,,destabilizing,destabilizing,,destabilizing,,uncertain,,neutral,uncertain,,,uncertain,,,damaging,"Stability, Long Range"
Y234G,,destabilizing,destabilizing,,destabilizing,,uncertain,,destabilizing,uncertain,,,uncertain,,,damaging,"Stability, Long Range"
Y234H,uncertain,uncertain,uncertain,uncertain,uncertain,uncertain,uncertain,neutral,neutral,uncertain,,,uncertain,,,damaging,Long Range
Y234I,,uncertain,neutral,,uncertain,,uncertain,,neutral,uncertain,,,uncertain,,,damaging,Long Range
Y234K,,destabilizing,uncertain,,destabilizing,,uncertain,,uncertain,uncertain,,,uncertain,,,damaging,"Stability, Long Range"
Y234M,,uncertain,neutral,,neutral,,uncertain,,neutral,uncertain,,,uncertain,,,damaging,Long Range
Y234N,destabilizing,destabilizing,destabilizing,destabilizing,destabilizing,uncertain,uncertain,neutral,neutral,uncertain,,,uncertain,,,damaging,"Stability, Long Range"
Y234P,,destabilizing,destabilizing,,destabilizing,,uncertain,,destabilizing,uncertain,,,uncertain,,,damaging,"Stability, Long Range"
Y234Q,destabilizing,destabilizing,uncertain,destabilizing,destabilizing,uncertain,uncertain,neutral,neutral,uncertain,,,uncertain,,,damaging,"Stability, Long Range"
Y234R,destabilizing,destabilizing,uncertain,destabilizing,destabilizing,uncertain,uncertain,uncertain,uncertain,uncertain,,,uncertain,,,damaging,"Stability, Long Range"
Y234S,destabilizing,destabilizing,uncertain,destabilizing,destabilizing,uncertain,uncertain,uncertain,uncertain,uncertain,,,uncertain,,,damaging,"Stability, Long Range"
Y234T,,destabilizing,uncertain,,destabilizing,,uncertain,,neutral,uncertain,,,uncertain,,,damaging,"Stability, Long Range"
Y234V,,uncertain,neutral,,uncertain,,neutral,,neutral,uncertain,,,uncertain,,,damaging,Long Range
Y234W,,neutral,neutral,,neutral,,uncertain,,uncertain,uncertain,,,uncertain,,,damaging,Long Range
N235P,,destabilizing,uncertain,,destabilizing,,uncertain,,destabilizing,neutral,neutral,neutral,neutral,neutral,neutral,uncertain,Stability
Y236A,,destabilizing,destabilizing,,destabilizing,,uncertain,,neutral,uncertain,,,uncertain,,,damaging,"Stability, Long Range"
Y236C,destabilizing,destabilizing,uncertain,destabilizing,destabilizing,uncertain,uncertain,neutral,neutral,uncertain,,,uncertain,,,damaging,"Stability, Long Range"
Y236D,destabilizing,destabilizing,destabilizing,destabilizing,destabilizing,uncertain,uncertain,destabilizing,uncertain,uncertain,,,uncertain,,,damaging,"Stability, Long Range"
Y236E,,destabilizing,destabilizing,,destabilizing,,uncertain,,uncertain,uncertain,,,uncertain,,,damaging,"Stability, Long Range"
Y236G,,destabilizing,destabilizing,,destabilizing,,uncertain,,uncertain,uncertain,,,uncertain,,,damaging,"Stability, Long Range"
Y236H,destabilizing,uncertain,uncertain,destabilizing,uncertain,uncertain,neutral,neutral,neutral,uncertain,,,uncertain,,,damaging,"Stability, Long Range"
Y236I,,uncertain,uncertain,,uncertain,,neutral,,neutral,uncertain,,,uncertain,,,damaging,Long Range
Y236K,,destabilizing,destabilizing,,destabilizing,,uncertain,,uncertain,uncertain,,,uncertain,,,damaging,"Stability, Long Range"
Y236L,uncertain,neutral,uncertain,uncertain,neutral,uncertain,uncertain,neutral,neutral,uncertain,,,uncertain,,,damaging,Long Range
Y236M,,neutral,uncertain,,neutral,,uncertain,,neutral,uncertain,,,uncertain,,,damaging,Long Range
Y236N,destabilizing,destabilizing,destabilizing,destabilizing,destabilizing,uncertain,uncertain,uncertain,neutral,uncertain,,,uncertain,,,damaging,"Stability, Long Range"
Y236P,,destabilizing,destabilizing,,destabilizing,,uncertain,,uncertain,uncertain,,,uncertain,,,damaging,"Stability, Long Range"
Y236Q,,destabilizing,destabilizing,,destabilizing,,uncertain,,neutral,uncertain,,,uncertain,,,damaging,"Stability, Long Range"
Y236R,,destabilizing,destabilizing,,destabilizing,,uncertain,,uncertain,uncertain,,,uncertain,,,damaging,"Stability, Long Range"
Y236S,destabilizing,destabilizing,destabilizing,destabilizing,destabilizing,uncertain,uncertain,destabilizing,uncertain,uncertain,,,uncertain,,,damaging,"Stability, Long Range"
Y236T,,destabilizing,destabilizing,,destabilizing,,uncertain,,neutral,uncertain,,,uncertain,,,damaging,"Stability, Long Range"
Y236V,,uncertain,uncertain,,uncertain,,uncertain,,neutral,uncertain,,,uncertain,,,damaging,Long Range
Y236W,,neutral,neutral,,neutral,,uncertain,,neutral,uncertain,,,uncertain,,,damaging,Long Range
M237A,,neutral,uncertain,,neutral,,neutral,,neutral,neutral,neutral,neutral,neutral,neutral,neutral,damaging,Long Range
M237C,,neutral,neutral,,neutral,,neutral,,neutral,neutral,neutral,neutral,neutral,neutral,neutral,damaging,Long Range
M237D,,neutral,neutral,,neutral,,neutral,,neutral,neutral,neutral,neutral,neutral,neutral,neutral,damaging,Long Range
M237E,,neutral,neutral,,neutral,,neutral,,neutral,neutral,neutral,neutral,neutral,neutral,neutral,damaging,Long Range
M237F,,neutral,uncertain,,neutral,,neutral,,neutral,neutral,neutral,neutral,neutral,neutral,neutral,damaging,Long Range
M237G,,uncertain,uncertain,,uncertain,,uncertain,,neutral,neutral,neutral,neutral,neutral,neutral,neutral,damaging,Long Range
M237H,,uncertain,uncertain,,neutral,,uncertain,,neutral,neutral,neutral,neutral,neutral,neutral,neutral,damaging,Long Range
M237K,uncertain,neutral,destabilizing,uncertain,neutral,neutral,neutral,neutral,neutral,neutral,neutral,neutral,neutral,neutral,neutral,damaging,"Stability, Long Range"
M237N,,neutral,uncertain,,neutral,,neutral,,neutral,neutral,neutral,neutral,neutral,neutral,neutral,damaging,Long Range
M237P,,destabilizing,destabilizing,,destabilizing,,destabilizing,,destabilizing,neutral,neutral,neutral,neutral,neutral,neutral,damaging,"Stability, Long Range"
M237Q,,neutral,neutral,,neutral,,neutral,,neutral,neutral,neutral,neutral,neutral,neutral,neutral,damaging,Long Range
M237R,uncertain,neutral,uncertain,neutral,neutral,neutral,neutral,neutral,neutral,neutral,neutral,neutral,neutral,neutral,neutral,damaging,Long Range
M237S,,neutral,uncertain,,neutral,,neutral,,neutral,neutral,neutral,neutral,neutral,neutral,neutral,damaging,Long Range
M237T,uncertain,uncertain,uncertain,uncertain,neutral,uncertain,uncertain,neutral,neutral,neutral,neutral,neutral,neutral,neutral,neutral,damaging,Long Range
M237V,neutral,neutral,neutral,neutral,neutral,neutral,neutral,neutral,neutral,neutral,neutral,neutral,neutral,neutral,neutral,damaging,Long Range
M237W,,uncertain,uncertain,,neutral,,uncertain,,neutral,neutral,neutral,neutral,neutral,neutral,neutral,damaging,Long Range
M237Y,,neutral,uncertain,,neutral,,uncertain,,neutral,neutral,neutral,neutral,neutral,neutral,neutral,damaging,Long Range
C238F,destabilizing,uncertain,neutral,destabilizing,uncertain,destabilizing,uncertain,destabilizing,destabilizing,neutral,neutral,neutral,neutral,neutral,neutral,neutral,Stability
C238H,,uncertain,neutral,,neutral,,uncertain,,destabilizing,neutral,neutral,neutral,neutral,neutral,neutral,neutral,Stability
C238K,,neutral,uncertain,,neutral,,uncertain,,destabilizing,neutral,neutral,neutral,neutral,neutral,neutral,neutral,Stability
C238P,,uncertain,uncertain,,destabilizing,,destabilizing,,destabilizing,neutral,neutral,neutral,neutral,neutral,neutral,uncertain,Stability
C238R,uncertain,uncertain,neutral,destabilizing,neutral,destabilizing,uncertain,destabilizing,destabilizing,neutral,neutral,neutral,neutral,neutral,neutral,neutral,Stability
C238W,destabilizing,uncertain,neutral,destabilizing,uncertain,destabilizing,uncertain,destabilizing,destabilizing,neutral,neutral,neutral,neutral,neutral,neutral,neutral,Stability
C238Y,destabilizing,uncertain,neutral,destabilizing,uncertain,destabilizing,uncertain,destabilizing,destabilizing,neutral,neutral,neutral,neutral,neutral,neutral,neutral,Stability
S240H,,uncertain,neutral,,destabilizing,,uncertain,,neutral,uncertain,,,uncertain,,,neutral,Stability
S240P,destabilizing,destabilizing,uncertain,destabilizing,destabilizing,destabilizing,destabilizing,destabilizing,destabilizing,uncertain,,,uncertain,,,neutral,Stability
S240W,,uncertain,uncertain,,destabilizing,,uncertain,,neutral,uncertain,,,uncertain,,,neutral,Stability
S240Y,,uncertain,uncertain,,destabilizing,,neutral,,neutral,uncertain,,,uncertain,,,neutral,Stability
S241P,uncertain,uncertain,neutral,destabilizing,neutral,uncertain,neutral,uncertain,neutral,uncertain,,,uncertain,,,neutral,Stability
C242F,neutral,neutral,neutral,neutral,neutral,uncertain,uncertain,destabilizing,destabilizing,neutral,neutral,neutral,neutral,neutral,neutral,neutral,Stability
C242H,,neutral,neutral,,neutral,,uncertain,,destabilizing,neutral,neutral,neutral,neutral,neutral,neutral,neutral,Stability
C242I,,neutral,neutral,,neutral,,uncertain,,destabilizing,neutral,neutral,neutral,neutral,neutral,neutral,neutral,Stability
C242K,,neutral,neutral,,neutral,,uncertain,,destabilizing,neutral,neutral,neutral,neutral,neutral,neutral,neutral,Stability
C242L,,neutral,neutral,,neutral,,uncertain,,destabilizing,neutral,neutral,neutral,neutral,neutral,neutral,neutral,Stability
C242M,,neutral,neutral,,neutral,,uncertain,,destabilizing,neutral,neutral,neutral,neutral,neutral,neutral,neutral,Stability
C242N,,neutral,neutral,,neutral,,uncertain,,destabilizing,neutral,neutral,neutral,neutral,neutral,neutral,neutral,Stability
C242P,,destabilizing,uncertain,,destabilizing,,destabilizing,,destabilizing,neutral,neutral,neutral,neutral,neutral,neutral,uncertain,Stability
C242Q,,neutral,neutral,,neutral,,uncertain,,destabilizing,neutral,neutral,neutral,neutral,neutral,neutral,neutral,Stability
C242R,neutral,neutral,neutral,neutral,neutral,uncertain,uncertain,destabilizing,destabilizing,neutral,neutral,neutral,neutral,neutral,neutral,neutral,Stability
C242T,,neutral,neutral,,neutral,,uncertain,,destabilizing,neutral,neutral,neutral,neutral,neutral,neutral,neutral,Stability
C242V,,neutral,neutral,,neutral,,uncertain,,destabilizing,neutral,neutral,neutral,neutral,neutral,neutral,neutral,Stability
C242W,neutral,neutral,neutral,neutral,neutral,uncertain,uncertain,destabilizing,destabilizing,neutral,neutral,neutral,neutral,neutral,neutral,neutral,Stability
C242Y,neutral,neutral,neutral,neutral,neutral,uncertain,uncertain,destabilizing,destabilizing,neutral,neutral,neutral,neutral,neutral,neutral,neutral,Stability
G244C,neutral,neutral,neutral,neutral,neutral,destabilizing,uncertain,destabilizing,uncertain,neutral,neutral,neutral,neutral,neutral,neutral,uncertain,Stability
G244I,,uncertain,neutral,,neutral,,uncertain,,destabilizing,neutral,neutral,neutral,neutral,neutral,neutral,uncertain,Stability
G244P,,uncertain,neutral,,neutral,,destabilizing,,destabilizing,neutral,neutral,neutral,neutral,neutral,neutral,uncertain,Stability
G244T,,neutral,neutral,,neutral,,uncertain,,destabilizing,neutral,neutral,neutral,neutral,neutral,neutral,uncertain,Stability
G244V,neutral,neutral,neutral,neutral,neutral,destabilizing,uncertain,destabilizing,destabilizing,neutral,neutral,neutral,neutral,neutral,neutral,uncertain,Stability
G245C,neutral,uncertain,neutral,neutral,neutral,uncertain,uncertain,destabilizing,destabilizing,neutral,neutral,neutral,neutral,neutral,neutral,uncertain,Stability
G245D,uncertain,uncertain,uncertain,neutral,destabilizing,uncertain,uncertain,destabilizing,destabilizing,neutral,neutral,neutral,neutral,neutral,neutral,uncertain,Stability
G245E,uncertain,destabilizing,uncertain,neutral,destabilizing,destabilizing,uncertain,destabilizing,destabilizing,neutral,neutral,neutral,neutral,neutral,neutral,uncertain,Stability
G245F,uncertain,uncertain,neutral,destabilizing,destabilizing,destabilizing,uncertain,destabilizing,destabilizing,neutral,neutral,neutral,neutral,neutral,neutral,uncertain,Stability
G245H,uncertain,uncertain,neutral,destabilizing,destabilizing,destabilizing,uncertain,destabilizing,destabilizing,neutral,neutral,neutral,neutral,neutral,neutral,uncertain,Stability
G245I,uncertain,destabilizing,uncertain,destabilizing,destabilizing,uncertain,uncertain,destabilizing,destabilizing,neutral,neutral,neutral,neutral,neutral,neutral,uncertain,Stability
G245K,,destabilizing,uncertain,,destabilizing,,uncertain,,destabilizing,neutral,neutral,neutral,neutral,neutral,neutral,uncertain,Stability
G245L,destabilizing,uncertain,uncertain,destabilizing,destabilizing,destabilizing,uncertain,destabilizing,destabilizing,neutral,neutral,neutral,neutral,neutral,neutral,uncertain,Stability
G245M,,uncertain,neutral,,uncertain,,uncertain,,destabilizing,neutral,neutral,neutral,neutral,neutral,neutral,uncertain,Stability
G245N,uncertain,uncertain,neutral,uncertain,uncertain,uncertain,uncertain,destabilizing,destabilizing,neutral,neutral,neutral,neutral,neutral,neutral,uncertain,Stability
G245P,,destabilizing,uncertain,,destabilizing,,destabilizing,,destabilizing,neutral,neutral,neutral,neutral,neutral,neutral,uncertain,Stability
G245Q,,uncertain,uncertain,,destabilizing,,uncertain,,destabilizing,neutral,neutral,neutral,neutral,neutral,neutral,uncertain,Stability
G245R,uncertain,uncertain,uncertain,destabilizing,destabilizing,destabilizing,uncertain,destabilizing,destabilizing,neutral,neutral,neutral,neutral,neutral,neutral,uncertain,Stability
G245S,neutral,neutral,neutral,neutral,neutral,uncertain,uncertain,destabilizing,destabilizing,neutral,neutral,neutral,neutral,neutral,neutral,uncertain,Stability
G245T,,uncertain,neutral,,destabilizing,,uncertain,,destabilizing,neutral,neutral,neutral,neutral,neutral,neutral,uncertain,Stability
G245V,uncertain,uncertain,uncertain,neutral,destabilizing,uncertain,uncertain,destabilizing,destabilizing,neutral,neutral,neutral,neutral,neutral,neutral,uncertain,Stability
G245W,,uncertain,neutral,,destabilizing,,uncertain,,destabilizing,neutral,neutral,neutral,neutral,neutral,neutral,uncertain,Stability
G245Y,uncertain,uncertain,neutral,destabilizing,destabilizing,destabilizing,uncertain,destabilizing,destabilizing,neutral,neutral,neutral,neutral,neutral,neutral,uncertain,Stability
M246G,,destabilizing,uncertain,,destabilizing,,uncertain,,neutral,neutral,neutral,neutral,neutral,neutral,neutral,uncertain,Stability
M246H,,uncertain,uncertain,,neutral,,uncertain,,destabilizing,neutral,neutral,neutral,neutral,neutral,neutral,uncertain,Stability
M246K,destabilizing,destabilizing,uncertain,destabilizing,destabilizing,uncertain,uncertain,destabilizing,destabilizing,neutral,neutral,neutral,neutral,neutral,neutral,uncertain,Stability
M246R,destabilizing,uncertain,uncertain,destabilizing,destabilizing,destabilizing,uncertain,destabilizing,destabilizing,neutral,neutral,neutral,neutral,neutral,neutral,uncertain,Stability
M246S,,uncertain,uncertain,,destabilizing,,uncertain,,neutral,neutral,neutral,neutral,neutral,neutral,neutral,uncertain,Stability
M246W,,uncertain,neutral,,uncertain,,uncertain,,destabilizing,neutral,neutral,neutral,neutral,neutral,neutral,uncertain,Stability
M246Y,,uncertain,neutral,,uncertain,,uncertain,,destabilizing,neutral,neutral,neutral,neutral,neutral,neutral,uncertain,Stability
N247I,uncertain,uncertain,uncertain,destabilizing,neutral,uncertain,neutral,uncertain,neutral,neutral,neutral,neutral,neutral,neutral,neutral,neutral,Stability
N247P,,destabilizing,uncertain,,destabilizing,,uncertain,,uncertain,neutral,neutral,neutral,neutral,neutral,neutral,uncertain,Stability
R248P,destabilizing,destabilizing,uncertain,destabilizing,destabilizing,destabilizing,uncertain,destabilizing,uncertain,neutral,neutral,neutral,neutral,neutral,neutral,uncertain,Stability
R249A,,neutral,neutral,,neutral,,neutral,,neutral,uncertain,neutral,neutral,damaging,neutral,neutral,damaging,"PTM, Long Range"
R249C,,neutral,neutral,,neutral,,uncertain,,neutral,uncertain,neutral,neutral,damaging,neutral,neutral,damaging,"PTM, Long Range"
R249D,,uncertain,uncertain,,uncertain,,uncertain,,neutral,uncertain,neutral,neutral,damaging,neutral,neutral,damaging,"PTM, Long Range"
R249E,,uncertain,neutral,,neutral,,uncertain,,neutral,uncertain,neutral,neutral,damaging,neutral,neutral,damaging,"PTM, Long Range"
R249F,,neutral,neutral,,neutral,,neutral,,neutral,uncertain,neutral,neutral,damaging,neutral,neutral,damaging,"PTM, Long Range"
R249G,uncertain,uncertain,uncertain,uncertain,uncertain,uncertain,uncertain,neutral,neutral,uncertain,neutral,neutral,damaging,neutral,neutral,damaging,"PTM, Long Range"
R249H,,neutral,neutral,,neutral,,neutral,,neutral,uncertain,neutral,neutral,damaging,neutral,neutral,damaging,"PTM, Long Range"
R249I,neutral,neutral,neutral,neutral,neutral,neutral,neutral,neutral,neutral,uncertain,neutral,neutral,damaging,neutral,neutral,damaging,"PTM, Long Range"
R249K,neutral,neutral,neutral,neutral,neutral,neutral,neutral,neutral,neutral,uncertain,neutral,neutral,damaging,neutral,neutral,uncertain,PTM
R249L,,neutral,neutral,,neutral,,neutral,,neutral,uncertain,neutral,neutral,damaging,neutral,neutral,damaging,"PTM, Long Range"
R249M,neutral,neutral,neutral,neutral,neutral,neutral,neutral,neutral,neutral,uncertain,neutral,neutral,damaging,neutral,neutral,damaging,"PTM, Long Range"
R249N,,neutral,neutral,,neutral,,neutral,,neutral,uncertain,neutral,neutral,damaging,neutral,neutral,damaging,"PTM, Long Range"
R249P,,destabilizing,uncertain,,destabilizing,,destabilizing,,destabilizing,uncertain,neutral,neutral,damaging,neutral,neutral,damaging,"Stability, PTM, Long Range"
R249Q,,neutral,neutral,,neutral,,neutral,,neutral,uncertain,neutral,neutral,damaging,neutral,neutral,damaging,"PTM, Long Range"
R249S,neutral,neutral,neutral,neutral,neutral,neutral,uncertain,neutral,neutral,uncertain,neutral,neutral,damaging,neutral,neutral,damaging,"PTM, Long Range"
R249T,neutral,neutral,neutral,neutral,neutral,neutral,neutral,neutral,neutral,uncertain,neutral,neutral,damaging,neutral,neutral,damaging,"PTM, Long Range"
R249V,neutral,neutral,neutral,neutral,neutral,neutral,neutral,neutral,neutral,uncertain,neutral,neutral,damaging,neutral,neutral,damaging,"PTM, Long Range"
R249W,neutral,neutral,neutral,neutral,neutral,neutral,neutral,neutral,neutral,uncertain,neutral,neutral,damaging,neutral,neutral,damaging,"PTM, Long Range"
R249Y,,neutral,neutral,,neutral,,neutral,,neutral,uncertain,neutral,neutral,damaging,neutral,neutral,damaging,"PTM, Long Range"
I251A,,destabilizing,destabilizing,,destabilizing,,uncertain,,neutral,neutral,neutral,neutral,neutral,neutral,neutral,uncertain,Stability
I251C,,destabilizing,uncertain,,destabilizing,,uncertain,,neutral,neutral,neutral,neutral,neutral,neutral,neutral,uncertain,Stability
I251D,,destabilizing,destabilizing,,destabilizing,,destabilizing,,destabilizing,neutral,neutral,neutral,neutral,neutral,neutral,uncertain,Stability
I251E,,destabilizing,destabilizing,,destabilizing,,uncertain,,uncertain,neutral,neutral,neutral,neutral,neutral,neutral,uncertain,Stability
I251F,uncertain,uncertain,uncertain,destabilizing,destabilizing,uncertain,uncertain,destabilizing,destabilizing,neutral,neutral,neutral,neutral,neutral,neutral,neutral,Stability
I251G,,destabilizing,destabilizing,,destabilizing,,uncertain,,destabilizing,neutral,neutral,neutral,neutral,neutral,neutral,uncertain,Stability
I251H,,uncertain,destabilizing,,destabilizing,,uncertain,,destabilizing,neutral,neutral,neutral,neutral,neutral,neutral,uncertain,Stability
I251K,,destabilizing,destabilizing,,destabilizing,,uncertain,,destabilizing,neutral,neutral,neutral,neutral,neutral,neutral,uncertain,Stability
I251N,destabilizing,destabilizing,destabilizing,destabilizing,destabilizing,uncertain,uncertain,uncertain,uncertain,neutral,neutral,neutral,neutral,neutral,neutral,uncertain,Stability
I251P,,destabilizing,destabilizing,,destabilizing,,uncertain,,destabilizing,neutral,neutral,neutral,neutral,neutral,neutral,uncertain,Stability
I251Q,,destabilizing,destabilizing,,destabilizing,,uncertain,,neutral,neutral,neutral,neutral,neutral,neutral,neutral,uncertain,Stability
I251R,,destabilizing,destabilizing,,destabilizing,,destabilizing,,destabilizing,neutral,neutral,neutral,neutral,neutral,neutral,neutral,Stability
I251S,destabilizing,destabilizing,destabilizing,destabilizing,destabilizing,uncertain,uncertain,uncertain,uncertain,neutral,neutral,neutral,neutral,neutral,neutral,uncertain,Stability
I251T,uncertain,uncertain,destabilizing,uncertain,destabilizing,uncertain,uncertain,neutral,neutral,neutral,neutral,neutral,neutral,neutral,neutral,uncertain,Stability
I251W,,destabilizing,uncertain,,destabilizing,,uncertain,,destabilizing,neutral,neutral,neutral,neutral,neutral,neutral,neutral,Stability
I251Y,,uncertain,uncertain,,destabilizing,,uncertain,,destabilizing,neutral,neutral,neutral,neutral,neutral,neutral,neutral,Stability
L252D,,destabilizing,destabilizing,,destabilizing,,destabilizing,,destabilizing,neutral,neutral,neutral,neutral,neutral,neutral,neutral,Stability
L252E,,uncertain,destabilizing,,uncertain,,uncertain,,destabilizing,neutral,neutral,neutral,neutral,neutral,neutral,neutral,Stability
L252G,,destabilizing,destabilizing,,destabilizing,,uncertain,,destabilizing,neutral,neutral,neutral,neutral,neutral,neutral,neutral,Stability
L252H,uncertain,uncertain,uncertain,uncertain,uncertain,uncertain,uncertain,destabilizing,uncertain,neutral,neutral,neutral,neutral,neutral,neutral,neutral,Stability
L252N,,uncertain,destabilizing,,uncertain,,uncertain,,uncertain,neutral,neutral,neutral,neutral,neutral,neutral,neutral,Stability
L252P,destabilizing,destabilizing,destabilizing,destabilizing,destabilizing,destabilizing,destabilizing,destabilizing,destabilizing,neutral,neutral,neutral,neutral,neutral,neutral,neutral,Stability
L252S,,destabilizing,uncertain,,destabilizing,,uncertain,,uncertain,neutral,neutral,neutral,neutral,neutral,neutral,neutral,Stability
T253D,uncertain,uncertain,destabilizing,uncertain,uncertain,neutral,uncertain,neutral,neutral,uncertain,,,uncertain,,,uncertain,Stability
T253G,,destabilizing,uncertain,,destabilizing,,uncertain,,uncertain,uncertain,,,uncertain,,,neutral,Stability
T253K,,uncertain,uncertain,,destabilizing,,uncertain,,uncertain,uncertain,,,uncertain,,,neutral,Stability
T253P,destabilizing,destabilizing,uncertain,destabilizing,destabilizing,uncertain,destabilizing,destabilizing,destabilizing,uncertain,,,uncertain,,,uncertain,Stability
T253R,,uncertain,uncertain,,destabilizing,,uncertain,,destabilizing,uncertain,,,uncertain,,,neutral,Stability
T253W,,uncertain,neutral,,destabilizing,,uncertain,,destabilizing,uncertain,,,uncertain,,,neutral,Stability
T253Y,,uncertain,neutral,,uncertain,,uncertain,,destabilizing,uncertain,,,uncertain,,,neutral,Stability
I254A,,uncertain,destabilizing,,destabilizing,,uncertain,,uncertain,neutral,neutral,neutral,neutral,neutral,neutral,neutral,Stability
I254D,uncertain,uncertain,destabilizing,destabilizing,destabilizing,destabilizing,destabilizing,destabilizing,destabilizing,neutral,neutral,neutral,neutral,neutral,neutral,neutral,Stability
I254E,,destabilizing,destabilizing,,destabilizing,,destabilizing,,destabilizing,neutral,neutral,neutral,neutral,neutral,neutral,neutral,Stability
I254F,destabilizing,uncertain,uncertain,destabilizing,destabilizing,uncertain,uncertain,destabilizing,destabilizing,neutral,neutral,neutral,neutral,neutral,neutral,neutral,Stability
I254G,,destabilizing,destabilizing,,destabilizing,,destabilizing,,destabilizing,neutral,neutral,neutral,neutral,neutral,neutral,neutral,Stability
I254H,,uncertain,destabilizing,,destabilizing,,uncertain,,destabilizing,neutral,neutral,neutral,neutral,neutral,neutral,neutral,Stability
I254K,,destabilizing,destabilizing,,destabilizing,,destabilizing,,destabilizing,neutral,neutral,neutral,neutral,neutral,neutral,uncertain,Stability
I254N,destabilizing,uncertain,destabilizing,destabilizing,destabilizing,destabilizing,uncertain,destabilizing,uncertain,neutral,neutral,neutral,neutral,neutral,neutral,neutral,Stability
I254P,,destabilizing,destabilizing,,destabilizing,,destabilizing,,destabilizing,neutral,neutral,neutral,neutral,neutral,neutral,neutral,Stability
I254Q,,uncertain,destabilizing,,uncertain,,uncertain,,uncertain,neutral,neutral,neutral,neutral,neutral,neutral,neutral,Stability
I254R,,uncertain,destabilizing,,destabilizing,,uncertain,,destabilizing,neutral,neutral,neutral,neutral,neutral,neutral,neutral,Stability
I254S,destabilizing,destabilizing,destabilizing,destabilizing,destabilizing,destabilizing,destabilizing,destabilizing,destabilizing,neutral,neutral,neutral,neutral,neutral,neutral,neutral,Stability
I254W,,uncertain,uncertain,,destabilizing,,uncertain,,destabilizing,neutral,neutral,neutral,neutral,neutral,neutral,neutral,Stability
I254Y,,uncertain,uncertain,,destabilizing,,uncertain,,destabilizing,neutral,neutral,neutral,neutral,neutral,neutral,neutral,Stability
I255A,,destabilizing,destabilizing,,destabilizing,,uncertain,,uncertain,neutral,neutral,neutral,neutral,neutral,neutral,uncertain,Stability
I255C,,destabilizing,uncertain,,destabilizing,,uncertain,,uncertain,neutral,neutral,neutral,neutral,neutral,neutral,uncertain,Stability
I255D,,destabilizing,destabilizing,,destabilizing,,uncertain,,destabilizing,neutral,neutral,neutral,neutral,neutral,neutral,uncertain,Stability
I255E,,uncertain,destabilizing,,destabilizing,,destabilizing,,destabilizing,neutral,neutral,neutral,neutral,neutral,neutral,uncertain,Stability
I255G,,destabilizing,destabilizing,,destabilizing,,destabilizing,,destabilizing,neutral,neutral,neutral,neutral,neutral,neutral,uncertain,Stability
I255H,,uncertain,destabilizing,,destabilizing,,uncertain,,destabilizing,neutral,neutral,neutral,neutral,neutral,neutral,uncertain,Stability
I255K,,destabilizing,destabilizing,,destabilizing,,destabilizing,,destabilizing,neutral,neutral,neutral,neutral,neutral,neutral,uncertain,Stability
I255N,destabilizing,destabilizing,destabilizing,destabilizing,destabilizing,uncertain,uncertain,uncertain,uncertain,neutral,neutral,neutral,neutral,neutral,neutral,uncertain,Stability
I255P,,destabilizing,destabilizing,,destabilizing,,destabilizing,,destabilizing,neutral,neutral,neutral,neutral,neutral,neutral,uncertain,Stability
I255Q,,uncertain,destabilizing,,uncertain,,uncertain,,uncertain,neutral,neutral,neutral,neutral,neutral,neutral,uncertain,Stability
I255R,,destabilizing,destabilizing,,destabilizing,,uncertain,,destabilizing,neutral,neutral,neutral,neutral,neutral,neutral,neutral,Stability
I255S,destabilizing,destabilizing,destabilizing,destabilizing,destabilizing,uncertain,uncertain,destabilizing,destabilizing,neutral,neutral,neutral,neutral,neutral,neutral,uncertain,Stability
I255W,,uncertain,uncertain,,destabilizing,,uncertain,,destabilizing,neutral,neutral,neutral,neutral,neutral,neutral,neutral,Stability
I255Y,,uncertain,uncertain,,destabilizing,,uncertain,,destabilizing,neutral,neutral,neutral,neutral,neutral,neutral,neutral,Stability
T256P,uncertain,destabilizing,destabilizing,destabilizing,destabilizing,uncertain,destabilizing,destabilizing,destabilizing,uncertain,,,uncertain,,,uncertain,Stability
L257A,,destabilizing,destabilizing,,destabilizing,,uncertain,,uncertain,neutral,neutral,neutral,neutral,neutral,neutral,neutral,Stability
L257C,,destabilizing,uncertain,,destabilizing,,uncertain,,neutral,neutral,neutral,neutral,neutral,neutral,neutral,neutral,Stability
L257D,,destabilizing,destabilizing,,destabilizing,,uncertain,,destabilizing,neutral,neutral,neutral,neutral,neutral,neutral,neutral,Stability
L257E,,destabilizing,destabilizing,,destabilizing,,destabilizing,,destabilizing,neutral,neutral,neutral,neutral,neutral,neutral,neutral,Stability
L257F,,uncertain,uncertain,,uncertain,,uncertain,,destabilizing,neutral,neutral,neutral,neutral,neutral,neutral,neutral,Stability
L257G,,destabilizing,destabilizing,,destabilizing,,uncertain,,destabilizing,neutral,neutral,neutral,neutral,neutral,neutral,neutral,Stability
L257H,,destabilizing,destabilizing,,destabilizing,,uncertain,,destabilizing,neutral,neutral,neutral,neutral,neutral,neutral,neutral,Stability
L257K,,destabilizing,destabilizing,,destabilizing,,destabilizing,,destabilizing,neutral,neutral,neutral,neutral,neutral,neutral,uncertain,Stability
L257N,,destabilizing,destabilizing,,destabilizing,,uncertain,,neutral,neutral,neutral,neutral,neutral,neutral,neutral,neutral,Stability
L257P,destabilizing,destabilizing,destabilizing,destabilizing,destabilizing,uncertain,uncertain,destabilizing,destabilizing,neutral,neutral,neutral,neutral,neutral,neutral,neutral,Stability
L257Q,uncertain,destabilizing,destabilizing,uncertain,destabilizing,uncertain,uncertain,uncertain,uncertain,neutral,neutral,neutral,neutral,neutral,neutral,neutral,Stability
L257R,destabilizing,destabilizing,destabilizing,destabilizing,destabilizing,uncertain,destabilizing,destabilizing,destabilizing,neutral,neutral,neutral,neutral,neutral,neutral,neutral,Stability
L257S,,destabilizing,destabilizing,,destabilizing,,uncertain,,uncertain,neutral,neutral,neutral,neutral,neutral,neutral,neutral,Stability
L257T,,destabilizing,destabilizing,,destabilizing,,uncertain,,uncertain,neutral,neutral,neutral,neutral,neutral,neutral,neutral,Stability
L257W,,destabilizing,destabilizing,,destabilizing,,uncertain,,destabilizing,neutral,neutral,neutral,neutral,neutral,neutral,neutral,Stability
L257Y,,destabilizing,destabilizing,,destabilizing,,uncertain,,destabilizing,neutral,neutral,neutral,neutral,neutral,neutral,neutral,Stability
E258D,neutral,neutral,destabilizing,neutral,neutral,neutral,neutral,neutral,neutral,neutral,neutral,neutral,neutral,neutral,neutral,neutral,Stability
E258P,,destabilizing,destabilizing,,destabilizing,,uncertain,,uncertain,neutral,neutral,neutral,neutral,neutral,neutral,neutral,Stability
D259F,uncertain,neutral,destabilizing,uncertain,neutral,destabilizing,uncertain,destabilizing,neutral,neutral,neutral,neutral,neutral,neutral,neutral,neutral,Stability
D259I,uncertain,uncertain,destabilizing,uncertain,neutral,neutral,neutral,neutral,neutral,neutral,neutral,neutral,neutral,neutral,neutral,neutral,Stability
D259K,,neutral,destabilizing,,neutral,,neutral,,neutral,neutral,neutral,neutral,neutral,neutral,neutral,neutral,Stability
D259L,,neutral,destabilizing,,neutral,,neutral,,neutral,neutral,neutral,neutral,neutral,neutral,neutral,neutral,Stability
D259P,,destabilizing,destabilizing,,destabilizing,,uncertain,,uncertain,neutral,neutral,neutral,neutral,neutral,neutral,uncertain,Stability
D259Q,,neutral,destabilizing,,neutral,,neutral,,neutral,neutral,neutral,neutral,neutral,neutral,neutral,neutral,Stability
D259R,,neutral,destabilizing,,neutral,,neutral,,neutral,neutral,neutral,neutral,neutral,neutral,neutral,neutral,Stability
D259V,uncertain,uncertain,destabilizing,uncertain,neutral,neutral,neutral,neutral,neutral,neutral,neutral,neutral,neutral,neutral,neutral,neutral,Stability
D259W,,neutral,destabilizing,,neutral,,uncertain,,uncertain,neutral,neutral,neutral,neutral,neutral,neutral,neutral,Stability
S261P,,uncertain,destabilizing,,neutral,,uncertain,,uncertain,uncertain,,,uncertain,,,neutral,Stability
G262I,,uncertain,destabilizing,,destabilizing,,uncertain,,destabilizing,neutral,neutral,neutral,neutral,neutral,neutral,uncertain,Stability
G262P,,destabilizing,destabilizing,,destabilizing,,destabilizing,,destabilizing,neutral,neutral,neutral,neutral,neutral,neutral,uncertain,Stability
G262T,,uncertain,uncertain,,destabilizing,,uncertain,,uncertain,neutral,neutral,neutral,neutral,neutral,neutral,uncertain,Stability
G262V,destabilizing,uncertain,destabilizing,destabilizing,destabilizing,destabilizing,uncertain,destabilizing,uncertain,neutral,neutral,neutral,neutral,neutral,neutral,uncertain,Stability
N263P,,uncertain,destabilizing,,uncertain,,uncertain,,uncertain,neutral,neutral,neutral,neutral,neutral,neutral,uncertain,Stability
L264G,,uncertain,destabilizing,,uncertain,,uncertain,,neutral,neutral,neutral,neutral,neutral,neutral,neutral,neutral,Stability
L265A,,uncertain,destabilizing,,uncertain,,neutral,,neutral,neutral,neutral,neutral,neutral,neutral,neutral,neutral,Stability
L265D,,uncertain,destabilizing,,uncertain,,neutral,,neutral,neutral,neutral,neutral,neutral,neutral,neutral,neutral,Stability
L265E,,uncertain,destabilizing,,uncertain,,neutral,,neutral,neutral,neutral,neutral,neutral,neutral,neutral,neutral,Stability
L265G,,destabilizing,destabilizing,,destabilizing,,uncertain,,neutral,neutral,neutral,neutral,neutral,neutral,neutral,neutral,Stability
L265H,,neutral,destabilizing,,neutral,,neutral,,neutral,neutral,neutral,neutral,neutral,neutral,neutral,neutral,Stability
L265K,,uncertain,destabilizing,,neutral,,neutral,,neutral,neutral,neutral,neutral,neutral,neutral,neutral,uncertain,Stability
L265N,,uncertain,destabilizing,,uncertain,,neutral,,neutral,neutral,neutral,neutral,neutral,neutral,neutral,neutral,Stability
L265P,destabilizing,destabilizing,destabilizing,destabilizing,destabilizing,destabilizing,destabilizing,destabilizing,destabilizing,neutral,neutral,neutral,neutral,neutral,neutral,neutral,Stability
L265Q,neutral,neutral,destabilizing,neutral,neutral,neutral,neutral,neutral,neutral,neutral,neutral,neutral,neutral,neutral,neutral,neutral,Stability
L265R,uncertain,neutral,destabilizing,neutral,neutral,neutral,neutral,neutral,neutral,neutral,neutral,neutral,neutral,neutral,neutral,neutral,Stability
L265S,,uncertain,destabilizing,,uncertain,,neutral,,neutral,neutral,neutral,neutral,neutral,neutral,neutral,neutral,Stability
L265T,uncertain,uncertain,destabilizing,uncertain,uncertain,neutral,neutral,neutral,neutral,neutral,neutral,neutral,neutral,neutral,neutral,neutral,Stability
G266C,,uncertain,uncertain,,destabilizing,,uncertain,,destabilizing,neutral,neutral,neutral,neutral,neutral,neutral,neutral,Stability
G266D,,destabilizing,destabilizing,,destabilizing,,destabilizing,,destabilizing,neutral,neutral,neutral,neutral,neutral,neutral,neutral,Stability
G266E,destabilizing,destabilizing,destabilizing,destabilizing,destabilizing,destabilizing,destabilizing,destabilizing,destabilizing,neutral,neutral,neutral,neutral,neutral,neutral,neutral,Stability
G266F,,destabilizing,uncertain,,destabilizing,,destabilizing,,destabilizing,neutral,neutral,neutral,neutral,neutral,neutral,neutral,Stability
G266H,,destabilizing,destabilizing,,destabilizing,,destabilizing,,destabilizing,neutral,neutral,neutral,neutral,neutral,neutral,neutral,Stability
G266I,,destabilizing,uncertain,,destabilizing,,destabilizing,,destabilizing,neutral,neutral,neutral,neutral,neutral,neutral,neutral,Stability
G266K,destabilizing,destabilizing,destabilizing,destabilizing,destabilizing,destabilizing,destabilizing,destabilizing,destabilizing,neutral,neutral,neutral,neutral,neutral,neutral,neutral,Stability
G266L,,destabilizing,uncertain,,destabilizing,,destabilizing,,destabilizing,neutral,neutral,neutral,neutral,neutral,neutral,neutral,Stability
G266M,,destabilizing,uncertain,,destabilizing,,destabilizing,,destabilizing,neutral,neutral,neutral,neutral,neutral,neutral,neutral,Stability
G266N,,uncertain,destabilizing,,destabilizing,,uncertain,,destabilizing,neutral,neutral,neutral,neutral,neutral,neutral,neutral,Stability
G266P,,destabilizing,destabilizing,,destabilizing,,destabilizing,,destabilizing,neutral,neutral,neutral,neutral,neutral,neutral,neutral,Stability
G266Q,,destabilizing,destabilizing,,destabilizing,,destabilizing,,destabilizing,neutral,neutral,neutral,neutral,neutral,neutral,neutral,Stability
G266R,destabilizing,destabilizing,destabilizing,destabilizing,destabilizing,destabilizing,destabilizing,destabilizing,destabilizing,neutral,neutral,neutral,neutral,neutral,neutral,neutral,Stability
G266S,destabilizing,uncertain,uncertain,destabilizing,destabilizing,destabilizing,uncertain,destabilizing,destabilizing,neutral,neutral,neutral,neutral,neutral,neutral,neutral,Stability
G266T,destabilizing,uncertain,destabilizing,destabilizing,destabilizing,destabilizing,destabilizing,destabilizing,destabilizing,neutral,neutral,neutral,neutral,neutral,neutral,neutral,Stability
G266V,destabilizing,destabilizing,uncertain,destabilizing,destabilizing,destabilizing,destabilizing,destabilizing,destabilizing,neutral,neutral,neutral,neutral,neutral,neutral,neutral,Stability
G266W,,destabilizing,uncertain,,destabilizing,,destabilizing,,destabilizing,neutral,neutral,neutral,neutral,neutral,neutral,neutral,Stability
G266Y,,destabilizing,uncertain,,destabilizing,,destabilizing,,destabilizing,neutral,neutral,neutral,neutral,neutral,neutral,neutral,Stability
R267D,,uncertain,destabilizing,,uncertain,,uncertain,,uncertain,neutral,neutral,neutral,neutral,neutral,neutral,uncertain,Stability
R267G,uncertain,uncertain,destabilizing,uncertain,uncertain,neutral,uncertain,neutral,neutral,neutral,neutral,neutral,neutral,neutral,neutral,uncertain,Stability
R267P,destabilizing,destabilizing,uncertain,destabilizing,destabilizing,destabilizing,destabilizing,destabilizing,destabilizing,neutral,neutral,neutral,neutral,neutral,neutral,uncertain,Stability
R267W,uncertain,uncertain,neutral,destabilizing,destabilizing,uncertain,uncertain,neutral,neutral,neutral,neutral,neutral,neutral,neutral,neutral,neutral,Stability
R267Y,,uncertain,neutral,,destabilizing,,uncertain,,neutral,neutral,neutral,neutral,neutral,neutral,neutral,neutral,Stability
N268P,,uncertain,destabilizing,,destabilizing,,uncertain,,destabilizing,neutral,neutral,neutral,neutral,neutral,neutral,uncertain,Stability
F270A,,destabilizing,destabilizing,,destabilizing,,uncertain,,uncertain,neutral,neutral,neutral,neutral,neutral,neutral,damaging,"Stability, Long Range"
F270C,destabilizing,destabilizing,uncertain,destabilizing,destabilizing,uncertain,uncertain,uncertain,uncertain,neutral,neutral,neutral,neutral,neutral,neutral,damaging,"Stability, Long Range"
F270D,,destabilizing,destabilizing,,destabilizing,,destabilizing,,destabilizing,neutral,neutral,neutral,neutral,neutral,neutral,damaging,"Stability, Long Range"
F270E,,destabilizing,destabilizing,,destabilizing,,uncertain,,destabilizing,neutral,neutral,neutral,neutral,neutral,neutral,damaging,"Stability, Long Range"
F270G,,destabilizing,destabilizing,,destabilizing,,uncertain,,destabilizing,neutral,neutral,neutral,neutral,neutral,neutral,damaging,"Stability, Long Range"
F270H,,uncertain,destabilizing,,destabilizing,,uncertain,,uncertain,neutral,neutral,neutral,neutral,neutral,neutral,damaging,"Stability, Long Range"
F270I,uncertain,uncertain,uncertain,uncertain,uncertain,neutral,neutral,neutral,neutral,neutral,neutral,neutral,neutral,neutral,neutral,damaging,Long Range
F270K,,destabilizing,destabilizing,,destabilizing,,uncertain,,destabilizing,neutral,neutral,neutral,neutral,neutral,neutral,damaging,"Stability, Long Range"
F270L,uncertain,uncertain,uncertain,uncertain,uncertain,neutral,neutral,neutral,neutral,neutral,neutral,neutral,neutral,neutral,neutral,damaging,Long Range
F270M,,uncertain,uncertain,,neutral,,neutral,,neutral,neutral,neutral,neutral,neutral,neutral,neutral,damaging,Long Range
F270N,,destabilizing,destabilizing,,destabilizing,,uncertain,,uncertain,neutral,neutral,neutral,neutral,neutral,neutral,damaging,"Stability, Long Range"
F270P,,destabilizing,destabilizing,,destabilizing,,destabilizing,,destabilizing,neutral,neutral,neutral,neutral,neutral,neutral,damaging,"Stability, Long Range"
F270Q,,destabilizing,destabilizing,,destabilizing,,uncertain,,uncertain,neutral,neutral,neutral,neutral,neutral,neutral,damaging,"Stability, Long Range"
F270R,,destabilizing,destabilizing,,destabilizing,,uncertain,,destabilizing,neutral,neutral,neutral,neutral,neutral,neutral,damaging,"Stability, Long Range"
F270S,destabilizing,destabilizing,destabilizing,destabilizing,destabilizing,uncertain,uncertain,destabilizing,destabilizing,neutral,neutral,neutral,neutral,neutral,neutral,damaging,"Stability, Long Range"
F270T,,destabilizing,destabilizing,,destabilizing,,uncertain,,uncertain,neutral,neutral,neutral,neutral,neutral,neutral,damaging,"Stability, Long Range"
F270V,uncertain,uncertain,uncertain,destabilizing,uncertain,uncertain,neutral,neutral,neutral,neutral,neutral,neutral,neutral,neutral,neutral,damaging,"Stability, Long Range"
F270W,,uncertain,uncertain,,uncertain,,uncertain,,uncertain,neutral,neutral,neutral,neutral,neutral,neutral,damaging,Long Range
V272D,,destabilizing,destabilizing,,destabilizing,,destabilizing,,destabilizing,neutral,neutral,neutral,neutral,neutral,neutral,uncertain,Stability
V272E,destabilizing,destabilizing,destabilizing,destabilizing,destabilizing,destabilizing,destabilizing,destabilizing,destabilizing,neutral,neutral,neutral,neutral,neutral,neutral,uncertain,Stability
V272F,,destabilizing,uncertain,,destabilizing,,uncertain,,destabilizing,neutral,neutral,neutral,neutral,neutral,neutral,neutral,Stability
V272H,,destabilizing,destabilizing,,destabilizing,,uncertain,,destabilizing,neutral,neutral,neutral,neutral,neutral,neutral,neutral,Stability
V272K,destabilizing,destabilizing,destabilizing,destabilizing,destabilizing,destabilizing,destabilizing,destabilizing,destabilizing,neutral,neutral,neutral,neutral,neutral,neutral,neutral,Stability
V272N,,destabilizing,destabilizing,,destabilizing,,uncertain,,uncertain,neutral,neutral,neutral,neutral,neutral,neutral,uncertain,Stability
V272P,,destabilizing,destabilizing,,destabilizing,,destabilizing,,destabilizing,neutral,neutral,neutral,neutral,neutral,neutral,uncertain,Stability
V272Q,,destabilizing,destabilizing,,destabilizing,,uncertain,,destabilizing,neutral,neutral,neutral,neutral,neutral,neutral,uncertain,Stability
V272R,,destabilizing,destabilizing,,destabilizing,,destabilizing,,destabilizing,neutral,neutral,neutral,neutral,neutral,neutral,neutral,Stability
V272S,,destabilizing,destabilizing,,destabilizing,,uncertain,,uncertain,neutral,neutral,neutral,neutral,neutral,neutral,uncertain,Stability
V272W,,destabilizing,destabilizing,,destabilizing,,uncertain,,destabilizing,neutral,neutral,neutral,neutral,neutral,neutral,neutral,Stability
V272Y,,destabilizing,destabilizing,,destabilizing,,uncertain,,destabilizing,neutral,neutral,neutral,neutral,neutral,neutral,neutral,Stability
R273P,uncertain,uncertain,destabilizing,uncertain,destabilizing,uncertain,uncertain,uncertain,destabilizing,neutral,neutral,neutral,neutral,neutral,neutral,uncertain,Stability
V274D,destabilizing,destabilizing,destabilizing,destabilizing,destabilizing,uncertain,uncertain,destabilizing,uncertain,neutral,neutral,neutral,neutral,neutral,neutral,neutral,Stability
V274E,destabilizing,destabilizing,destabilizing,destabilizing,destabilizing,uncertain,uncertain,destabilizing,uncertain,neutral,neutral,neutral,neutral,neutral,neutral,uncertain,Stability
V274F,destabilizing,uncertain,uncertain,destabilizing,destabilizing,destabilizing,uncertain,destabilizing,destabilizing,neutral,neutral,neutral,neutral,neutral,neutral,neutral,Stability
V274G,destabilizing,destabilizing,destabilizing,destabilizing,destabilizing,uncertain,uncertain,neutral,neutral,neutral,neutral,neutral,neutral,neutral,neutral,neutral,Stability
V274H,,destabilizing,destabilizing,,destabilizing,,uncertain,,destabilizing,neutral,neutral,neutral,neutral,neutral,neutral,neutral,Stability
V274K,,destabilizing,destabilizing,,destabilizing,,destabilizing,,destabilizing,neutral,neutral,neutral,neutral,neutral,neutral,neutral,Stability
V274N,,uncertain,destabilizing,,uncertain,,neutral,,neutral,neutral,neutral,neutral,neutral,neutral,neutral,neutral,Stability
V274P,,uncertain,uncertain,,destabilizing,,uncertain,,neutral,neutral,neutral,neutral,neutral,neutral,neutral,neutral,Stability
V274Q,,uncertain,destabilizing,,destabilizing,,uncertain,,uncertain,neutral,neutral,neutral,neutral,neutral,neutral,uncertain,Stability
V274R,,destabilizing,destabilizing,,destabilizing,,uncertain,,destabilizing,neutral,neutral,neutral,neutral,neutral,neutral,neutral,Stability
V274S,,destabilizing,destabilizing,,destabilizing,,uncertain,,neutral,neutral,neutral,neutral,neutral,neutral,neutral,neutral,Stability
V274W,,destabilizing,uncertain,,destabilizing,,uncertain,,destabilizing,neutral,neutral,neutral,neutral,neutral,neutral,neutral,Stability
V274Y,,destabilizing,uncertain,,destabilizing,,uncertain,,destabilizing,neutral,neutral,neutral,neutral,neutral,neutral,neutral,Stability
C275A,,neutral,neutral,,neutral,,neutral,,neutral,neutral,neutral,neutral,neutral,neutral,neutral,damaging,Long Range
C275D,,uncertain,destabilizing,,uncertain,,neutral,,neutral,neutral,neutral,neutral,neutral,neutral,neutral,uncertain,Stability
C275E,,uncertain,uncertain,,uncertain,,neutral,,neutral,neutral,neutral,neutral,neutral,neutral,neutral,damaging,Long Range
C275F,uncertain,uncertain,neutral,destabilizing,destabilizing,neutral,neutral,neutral,neutral,neutral,neutral,neutral,neutral,neutral,neutral,damaging,"Stability, Long Range"
C275G,neutral,uncertain,neutral,neutral,neutral,neutral,neutral,neutral,neutral,neutral,neutral,neutral,neutral,neutral,neutral,damaging,Long Range
C275H,,uncertain,uncertain,,destabilizing,,neutral,,neutral,neutral,neutral,neutral,neutral,neutral,neutral,damaging,"Stability, Long Range"
C275I,,neutral,neutral,,neutral,,neutral,,neutral,neutral,neutral,neutral,neutral,neutral,neutral,damaging,Long Range
C275K,,destabilizing,uncertain,,destabilizing,,neutral,,neutral,neutral,neutral,neutral,neutral,neutral,neutral,damaging,"Stability, Long Range"
C275L,,neutral,neutral,,neutral,,neutral,,neutral,neutral,neutral,neutral,neutral,neutral,neutral,damaging,Long Range
C275M,,neutral,neutral,,neutral,,neutral,,neutral,neutral,neutral,neutral,neutral,neutral,neutral,damaging,Long Range
C275N,,neutral,uncertain,,neutral,,neutral,,neutral,neutral,neutral,neutral,neutral,neutral,neutral,damaging,Long Range
C275P,,destabilizing,destabilizing,,destabilizing,,destabilizing,,destabilizing,neutral,neutral,neutral,neutral,neutral,neutral,uncertain,Stability
C275Q,,uncertain,uncertain,,uncertain,,neutral,,neutral,neutral,neutral,neutral,neutral,neutral,neutral,damaging,Long Range
C275R,uncertain,destabilizing,uncertain,destabilizing,destabilizing,neutral,neutral,neutral,neutral,neutral,neutral,neutral,neutral,neutral,neutral,damaging,"Stability, Long Range"
C275S,neutral,neutral,neutral,neutral,neutral,neutral,neutral,neutral,neutral,neutral,neutral,neutral,neutral,neutral,neutral,damaging,Long Range
C275T,,neutral,neutral,,neutral,,neutral,,neutral,neutral,neutral,neutral,neutral,neutral,neutral,damaging,Long Range
C275V,,neutral,neutral,,neutral,,neutral,,neutral,neutral,neutral,neutral,neutral,neutral,neutral,damaging,Long Range
C275W,uncertain,uncertain,uncertain,destabilizing,destabilizing,neutral,neutral,neutral,neutral,neutral,neutral,neutral,neutral,neutral,neutral,damaging,"Stability, Long Range"
C275Y,uncertain,uncertain,uncertain,destabilizing,destabilizing,neutral,neutral,neutral,neutral,neutral,neutral,neutral,neutral,neutral,neutral,damaging,"Stability, Long Range"
C277P,,uncertain,destabilizing,,uncertain,,uncertain,,neutral,neutral,neutral,neutral,neutral,neutral,neutral,uncertain,Stability
P278D,,uncertain,destabilizing,,destabilizing,,uncertain,,destabilizing,neutral,neutral,neutral,neutral,neutral,neutral,uncertain,Stability
P278E,,uncertain,uncertain,,destabilizing,,uncertain,,destabilizing,neutral,neutral,neutral,neutral,neutral,neutral,neutral,Stability
P278F,destabilizing,uncertain,uncertain,destabilizing,destabilizing,destabilizing,uncertain,destabilizing,destabilizing,neutral,neutral,neutral,neutral,neutral,neutral,neutral,Stability
P278H,destabilizing,uncertain,uncertain,destabilizing,destabilizing,destabilizing,uncertain,destabilizing,destabilizing,neutral,neutral,neutral,neutral,neutral,neutral,neutral,Stability
P278I,,uncertain,uncertain,,uncertain,,uncertain,,destabilizing,neutral,neutral,neutral,neutral,neutral,neutral,neutral,Stability
P278K,,uncertain,uncertain,,destabilizing,,destabilizing,,destabilizing,neutral,neutral,neutral,neutral,neutral,neutral,neutral,Stability
P278L,destabilizing,uncertain,uncertain,destabilizing,destabilizing,uncertain,uncertain,destabilizing,destabilizing,neutral,neutral,neutral,neutral,neutral,neutral,neutral,Stability
P278M,,uncertain,uncertain,,destabilizing,,uncertain,,destabilizing,neutral,neutral,neutral,neutral,neutral,neutral,neutral,Stability
P278N,,uncertain,uncertain,,uncertain,,uncertain,,destabilizing,neutral,neutral,neutral,neutral,neutral,neutral,uncertain,Stability
P278Q,,uncertain,uncertain,,destabilizing,,uncertain,,destabilizing,neutral,neutral,neutral,neutral,neutral,neutral,neutral,Stability
P278R,destabilizing,uncertain,uncertain,destabilizing,destabilizing,destabilizing,uncertain,destabilizing,destabilizing,neutral,neutral,neutral,neutral,neutral,neutral,neutral,Stability
P278S,destabilizing,uncertain,uncertain,destabilizing,uncertain,uncertain,uncertain,uncertain,uncertain,neutral,neutral,neutral,neutral,neutral,neutral,uncertain,Stability
P278T,uncertain,uncertain,uncertain,destabilizing,uncertain,uncertain,uncertain,destabilizing,uncertain,neutral,neutral,neutral,neutral,neutral,neutral,uncertain,Stability
P278V,uncertain,uncertain,neutral,destabilizing,neutral,uncertain,uncertain,destabilizing,uncertain,neutral,neutral,neutral,neutral,neutral,neutral,neutral,Stability
P278W,,uncertain,uncertain,,destabilizing,,uncertain,,destabilizing,neutral,neutral,neutral,neutral,neutral,neutral,neutral,Stability
P278Y,,uncertain,uncertain,,destabilizing,,uncertain,,destabilizing,neutral,neutral,neutral,neutral,neutral,neutral,neutral,Stability
G279C,,neutral,neutral,,neutral,,destabilizing,,destabilizing,neutral,neutral,neutral,neutral,neutral,neutral,neutral,Stability
G279D,neutral,neutral,neutral,neutral,neutral,destabilizing,destabilizing,destabilizing,destabilizing,neutral,neutral,neutral,neutral,neutral,neutral,neutral,Stability
G279E,neutral,neutral,neutral,neutral,neutral,destabilizing,destabilizing,destabilizing,destabilizing,neutral,neutral,neutral,neutral,neutral,neutral,neutral,Stability
G279F,,neutral,neutral,,neutral,,destabilizing,,destabilizing,neutral,neutral,neutral,neutral,neutral,neutral,neutral,Stability
G279H,,uncertain,neutral,,neutral,,destabilizing,,destabilizing,neutral,neutral,neutral,neutral,neutral,neutral,neutral,Stability
G279I,,neutral,neutral,,neutral,,destabilizing,,destabilizing,neutral,neutral,neutral,neutral,neutral,neutral,neutral,Stability
G279K,,neutral,neutral,,neutral,,destabilizing,,destabilizing,neutral,neutral,neutral,neutral,neutral,neutral,neutral,Stability
G279L,,neutral,neutral,,neutral,,destabilizing,,destabilizing,neutral,neutral,neutral,neutral,neutral,neutral,neutral,Stability
G279M,,neutral,neutral,,neutral,,destabilizing,,destabilizing,neutral,neutral,neutral,neutral,neutral,neutral,neutral,Stability
G279N,,neutral,neutral,,neutral,,destabilizing,,destabilizing,neutral,neutral,neutral,neutral,neutral,neutral,neutral,Stability
G279P,,uncertain,uncertain,,uncertain,,destabilizing,,destabilizing,neutral,neutral,neutral,neutral,neutral,neutral,neutral,Stability
G279Q,,neutral,neutral,,neutral,,destabilizing,,destabilizing,neutral,neutral,neutral,neutral,neutral,neutral,neutral,Stability
G279R,neutral,neutral,neutral,neutral,neutral,destabilizing,destabilizing,destabilizing,destabilizing,neutral,neutral,neutral,neutral,neutral,neutral,neutral,Stability
G279S,,neutral,neutral,,neutral,,uncertain,,destabilizing,neutral,neutral,neutral,neutral,neutral,neutral,neutral,Stability
G279T,,uncertain,neutral,,neutral,,destabilizing,,destabilizing,neutral,neutral,neutral,neutral,neutral,neutral,neutral,Stability
G279V,neutral,neutral,neutral,neutral,neutral,destabilizing,destabilizing,destabilizing,destabilizing,neutral,neutral,neutral,neutral,neutral,neutral,neutral,Stability
G279W,neutral,neutral,neutral,neutral,neutral,destabilizing,destabilizing,destabilizing,destabilizing,neutral,neutral,neutral,neutral,neutral,neutral,neutral,Stability
G279Y,,neutral,neutral,,neutral,,destabilizing,,destabilizing,neutral,neutral,neutral,neutral,neutral,neutral,neutral,Stability
R280P,uncertain,uncertain,neutral,destabilizing,uncertain,uncertain,uncertain,neutral,neutral,neutral,neutral,neutral,neutral,neutral,neutral,neutral,Stability
D281G,uncertain,uncertain,uncertain,destabilizing,uncertain,neutral,neutral,neutral,neutral,neutral,neutral,neutral,neutral,neutral,neutral,uncertain,Stability
D281P,destabilizing,destabilizing,uncertain,destabilizing,destabilizing,uncertain,uncertain,destabilizing,uncertain,neutral,neutral,neutral,neutral,neutral,neutral,uncertain,Stability
R282D,,uncertain,uncertain,,destabilizing,,neutral,,neutral,neutral,neutral,neutral,neutral,neutral,neutral,uncertain,Stability
R282P,destabilizing,destabilizing,uncertain,destabilizing,destabilizing,destabilizing,destabilizing,destabilizing,destabilizing,neutral,neutral,neutral,neutral,neutral,neutral,uncertain,Stability
R283P,uncertain,uncertain,uncertain,destabilizing,destabilizing,uncertain,uncertain,destabilizing,destabilizing,neutral,neutral,neutral,neutral,neutral,neutral,neutral,Stability
T284D,,neutral,neutral,,neutral,,neutral,,neutral,damaging,neutral,potentially_damaging,damaging,neutral,potentially_damaging,uncertain,PTM
T284E,,neutral,neutral,,neutral,,neutral,,neutral,damaging,neutral,potentially_damaging,damaging,neutral,potentially_damaging,neutral,PTM
T284F,,neutral,neutral,,neutral,,neutral,,neutral,damaging,neutral,potentially_damaging,damaging,neutral,potentially_damaging,neutral,PTM
T284K,neutral,neutral,neutral,neutral,neutral,neutral,neutral,neutral,neutral,damaging,neutral,potentially_damaging,damaging,neutral,potentially_damaging,neutral,PTM
T284P,uncertain,uncertain,neutral,destabilizing,uncertain,uncertain,uncertain,destabilizing,destabilizing,damaging,neutral,potentially_damaging,damaging,uncertain,potentially_damaging,uncertain,"Stability, PTM"
T284R,,neutral,neutral,,neutral,,neutral,,neutral,damaging,neutral,potentially_damaging,damaging,neutral,potentially_damaging,neutral,PTM
T284W,,neutral,neutral,,neutral,,neutral,,neutral,damaging,neutral,potentially_damaging,damaging,neutral,potentially_damaging,neutral,PTM
E285P,,uncertain,uncertain,,destabilizing,,uncertain,,destabilizing,neutral,neutral,neutral,neutral,neutral,neutral,uncertain,Stability
E286P,,destabilizing,uncertain,,destabilizing,,destabilizing,,destabilizing,neutral,neutral,neutral,neutral,neutral,neutral,uncertain,Stability
E287P,,uncertain,neutral,,uncertain,,destabilizing,,destabilizing,neutral,neutral,neutral,neutral,neutral,neutral,uncertain,Stability
N288P,,destabilizing,neutral,,destabilizing,,uncertain,,destabilizing,neutral,neutral,neutral,neutral,neutral,neutral,uncertain,Stability
